time,U9911498@I100000,U9998903@I100000,U10285466@I100000,U10404574@I100000,U10223477@I100000,U10352714@I100000,U10128605@I100000,U9896460@I100000,U7473003@I100000,U10298453@I100000,U9981324@I100000,U10415638@I100000,U9907379@I100000,U10496144@I100000,U10091029@I100000,U2709709@I100000,U3149464@I100000,U10438653@I100000,U4262739@I100000,U10351844@I100000,U10359048@I100000,U3136808@I100000,U10221583@I100000,U9416899@I100000,U9800208@I100000,U7602223@I100000,U9718474@I100000,U9346578@I100000,U10410921@I100000,U10262895@I100000,U9606930@I100000,U10264741@I100000,U2778158@I100000,U9957042@I100000,U10414908@I100000,U2633094@I100000,U10066786@I100000,U10242639@I100000,U10398866@I100000,U10052346@I100000,U3943831@I100000,U10138686@I100000,U3736253@I100000,U9119553@I100000,U10390405@I100000,U10388893@I100000,U10356891@I100000,U10394995@I100000,U8941358@I100000,U9845204@I100000,gains
1577491200,?,?,TRUE,TRUE,TRUE,?,TRUE,TRUE,TRUE,TRUE,TRUE,?,?,?,?,?,?,?,?,TRUE,?,?,?,?,?,TRUE,?,?,?,?,TRUE,TRUE,?,TRUE,?,TRUE,?,?,?,?,?,?,?,?,?,?,TRUE,?,?,?,UP
1577404800,?,?,TRUE,TRUE,TRUE,?,TRUE,TRUE,TRUE,TRUE,TRUE,?,?,?,?,?,?,?,?,TRUE,?,?,?,?,?,TRUE,?,?,?,?,TRUE,TRUE,?,TRUE,?,TRUE,?,?,?,?,?,?,?,?,?,?,TRUE,?,?,?,UP
1577318400,?,?,TRUE,TRUE,TRUE,?,TRUE,TRUE,TRUE,TRUE,TRUE,?,?,?,?,?,?,?,?,TRUE,?,?,?,?,?,TRUE,?,?,?,?,TRUE,TRUE,?,TRUE,?,TRUE,?,?,?,?,?,?,?,?,?,?,TRUE,?,?,?,UP
1577232000,?,?,TRUE,TRUE,TRUE,?,TRUE,TRUE,TRUE,TRUE,TRUE,?,?,?,?,?,?,?,?,TRUE,?,?,?,?,?,TRUE,?,?,?,?,TRUE,TRUE,?,TRUE,?,TRUE,?,?,?,?,?,?,?,?,?,?,TRUE,?,?,?,UP
1577145600,?,?,TRUE,TRUE,TRUE,?,TRUE,TRUE,TRUE,TRUE,TRUE,?,?,?,?,?,?,?,?,TRUE,?,?,?,?,?,TRUE,?,?,?,?,TRUE,TRUE,?,TRUE,?,TRUE,?,?,?,?,?,?,?,?,?,?,TRUE,?,?,?,UP
1577059200,?,?,TRUE,TRUE,TRUE,?,TRUE,TRUE,TRUE,TRUE,TRUE,?,?,?,?,?,?,?,?,TRUE,?,?,?,?,?,TRUE,?,?,?,?,TRUE,TRUE,?,TRUE,?,TRUE,?,?,?,?,?,?,?,?,?,?,TRUE,?,?,?,UP
1576972800,?,?,TRUE,TRUE,TRUE,?,TRUE,TRUE,TRUE,TRUE,?,?,?,?,?,?,?,?,?,TRUE,?,?,?,?,?,TRUE,?,?,?,?,TRUE,TRUE,?,TRUE,?,TRUE,?,?,?,?,?,?,TRUE,?,?,?,TRUE,?,?,?,UP
1576886400,?,?,TRUE,TRUE,TRUE,?,TRUE,TRUE,TRUE,TRUE,?,?,?,?,?,?,?,?,?,TRUE,?,?,?,?,?,TRUE,?,?,?,?,TRUE,TRUE,?,TRUE,?,TRUE,?,?,?,?,?,?,TRUE,?,?,?,TRUE,?,?,?,UP
1576800000,?,?,TRUE,TRUE,TRUE,?,TRUE,TRUE,TRUE,TRUE,?,?,?,?,?,?,?,?,?,TRUE,?,?,?,?,?,TRUE,?,?,?,?,TRUE,TRUE,?,TRUE,?,TRUE,?,?,?,?,?,?,TRUE,?,?,?,TRUE,?,?,?,UP
1576713600,?,?,TRUE,TRUE,TRUE,?,TRUE,TRUE,TRUE,TRUE,TRUE,?,?,?,?,?,?,?,?,TRUE,?,?,?,?,?,TRUE,?,?,?,?,TRUE,TRUE,?,TRUE,?,TRUE,?,?,?,?,?,?,TRUE,?,?,?,TRUE,?,?,?,UP
1576627200,?,?,TRUE,TRUE,TRUE,?,TRUE,TRUE,TRUE,TRUE,TRUE,?,?,?,?,?,?,TRUE,?,TRUE,?,TRUE,?,?,?,TRUE,?,?,?,?,TRUE,TRUE,?,TRUE,?,TRUE,?,?,?,?,?,?,TRUE,?,?,?,TRUE,?,?,?,UP
1576540800,?,FALSE,TRUE,TRUE,TRUE,?,TRUE,TRUE,TRUE,TRUE,TRUE,?,?,TRUE,?,?,?,?,?,TRUE,?,?,?,?,?,TRUE,?,?,?,?,TRUE,?,?,TRUE,?,TRUE,TRUE,?,?,?,?,?,TRUE,?,?,?,TRUE,?,?,?,UP
1576454400,?,TRUE,TRUE,TRUE,TRUE,TRUE,TRUE,TRUE,TRUE,TRUE,TRUE,?,?,TRUE,?,?,FALSE,?,?,TRUE,?,?,?,?,?,TRUE,?,?,?,?,TRUE,TRUE,?,TRUE,?,TRUE,TRUE,?,?,?,?,?,TRUE,FALSE,?,?,TRUE,?,?,?,UP
1576368000,?,TRUE,TRUE,TRUE,TRUE,TRUE,TRUE,TRUE,TRUE,TRUE,TRUE,?,?,TRUE,?,?,FALSE,?,?,TRUE,?,?,?,TRUE,?,TRUE,?,?,?,?,TRUE,?,?,TRUE,?,TRUE,TRUE,?,?,?,?,?,TRUE,FALSE,?,?,TRUE,?,?,?,UP
1576281600,?,TRUE,TRUE,TRUE,TRUE,TRUE,TRUE,TRUE,TRUE,TRUE,TRUE,?,?,TRUE,?,?,?,?,?,TRUE,?,?,?,TRUE,?,TRUE,?,?,?,?,TRUE,?,?,TRUE,?,TRUE,TRUE,?,?,?,?,?,TRUE,?,?,?,TRUE,?,?,?,UP
1576195200,?,TRUE,TRUE,TRUE,TRUE,TRUE,TRUE,TRUE,TRUE,TRUE,TRUE,?,?,TRUE,?,?,FALSE,?,?,TRUE,?,?,?,TRUE,?,TRUE,?,?,?,?,TRUE,?,?,TRUE,?,TRUE,TRUE,?,?,?,?,?,TRUE,?,?,?,TRUE,?,?,?,UP
1576108800,?,TRUE,?,TRUE,TRUE,TRUE,TRUE,TRUE,TRUE,TRUE,TRUE,?,?,TRUE,?,?,FALSE,?,?,TRUE,?,?,?,TRUE,?,TRUE,?,?,?,?,TRUE,?,?,TRUE,?,TRUE,TRUE,?,?,?,?,?,TRUE,?,?,?,TRUE,?,?,?,UP
1576022400,?,TRUE,?,TRUE,TRUE,TRUE,TRUE,TRUE,TRUE,TRUE,TRUE,?,?,TRUE,?,?,FALSE,?,?,TRUE,?,?,?,TRUE,?,TRUE,TRUE,?,?,?,TRUE,?,?,TRUE,?,TRUE,TRUE,?,?,?,?,?,TRUE,?,?,?,TRUE,?,?,?,UP
1575936000,?,TRUE,?,TRUE,TRUE,TRUE,TRUE,TRUE,TRUE,TRUE,TRUE,?,?,?,?,?,FALSE,?,?,TRUE,?,?,?,TRUE,?,TRUE,TRUE,?,?,?,TRUE,?,?,TRUE,?,TRUE,TRUE,?,?,?,?,?,TRUE,?,?,?,TRUE,?,?,?,UP
1575849600,?,TRUE,?,TRUE,TRUE,TRUE,TRUE,TRUE,TRUE,TRUE,TRUE,?,?,?,?,?,FALSE,?,?,TRUE,?,?,?,TRUE,?,TRUE,TRUE,?,?,?,TRUE,?,?,TRUE,?,TRUE,TRUE,?,?,?,?,?,TRUE,?,?,?,TRUE,?,?,?,UP
1575763200,?,TRUE,?,TRUE,TRUE,TRUE,TRUE,TRUE,TRUE,TRUE,TRUE,?,?,?,?,?,?,?,?,TRUE,?,?,?,TRUE,?,TRUE,TRUE,?,?,?,TRUE,?,?,TRUE,?,TRUE,TRUE,?,?,?,?,?,TRUE,?,?,?,TRUE,?,?,?,UP
1575676800,?,TRUE,?,TRUE,TRUE,TRUE,TRUE,TRUE,TRUE,TRUE,TRUE,?,?,?,?,?,?,?,?,TRUE,?,?,?,TRUE,?,TRUE,TRUE,?,?,?,TRUE,?,?,TRUE,TRUE,TRUE,TRUE,?,?,?,?,?,TRUE,?,?,?,TRUE,?,?,?,UP
1575590400,?,TRUE,?,TRUE,TRUE,TRUE,TRUE,TRUE,TRUE,TRUE,TRUE,?,?,?,?,?,?,?,?,TRUE,?,?,?,TRUE,?,TRUE,TRUE,?,?,?,TRUE,?,?,TRUE,TRUE,TRUE,TRUE,?,?,?,?,?,TRUE,?,?,?,TRUE,?,?,?,DOWN
1575504000,?,TRUE,?,TRUE,TRUE,TRUE,TRUE,TRUE,TRUE,TRUE,TRUE,?,?,?,?,?,?,?,?,TRUE,?,?,?,TRUE,?,TRUE,TRUE,?,?,?,TRUE,?,?,TRUE,TRUE,TRUE,TRUE,?,?,?,?,?,TRUE,?,?,?,TRUE,?,?,?,-
1575417600,?,TRUE,?,TRUE,TRUE,TRUE,TRUE,TRUE,TRUE,TRUE,TRUE,?,?,?,?,?,?,?,?,TRUE,?,?,?,TRUE,?,TRUE,TRUE,?,?,?,TRUE,?,?,TRUE,TRUE,TRUE,TRUE,?,?,?,?,?,TRUE,?,?,?,TRUE,?,?,?,UP
1575331200,?,TRUE,TRUE,TRUE,TRUE,FALSE,TRUE,TRUE,TRUE,TRUE,TRUE,?,?,?,?,?,?,?,?,TRUE,?,?,?,TRUE,?,TRUE,TRUE,?,?,?,TRUE,?,?,TRUE,TRUE,TRUE,TRUE,?,?,?,?,?,TRUE,FALSE,?,?,TRUE,?,?,?,DOWN
1575244800,?,TRUE,TRUE,TRUE,TRUE,FALSE,TRUE,TRUE,TRUE,TRUE,TRUE,?,?,?,?,?,?,?,?,TRUE,?,?,?,TRUE,?,TRUE,TRUE,?,?,?,TRUE,?,?,TRUE,TRUE,TRUE,TRUE,?,?,?,?,?,TRUE,?,?,?,TRUE,?,?,?,DOWN
1575158400,?,TRUE,TRUE,TRUE,TRUE,?,TRUE,TRUE,TRUE,TRUE,TRUE,?,?,?,?,?,?,?,TRUE,TRUE,?,?,?,TRUE,?,TRUE,TRUE,?,?,?,TRUE,?,?,TRUE,TRUE,TRUE,TRUE,?,?,?,?,?,TRUE,?,?,?,TRUE,?,?,?,DOWN
1575072000,?,TRUE,TRUE,TRUE,TRUE,TRUE,TRUE,TRUE,TRUE,TRUE,TRUE,?,?,?,?,?,?,?,TRUE,TRUE,?,?,?,TRUE,?,TRUE,TRUE,?,?,?,TRUE,?,?,TRUE,TRUE,TRUE,TRUE,?,?,?,?,?,TRUE,?,?,?,TRUE,?,?,?,DOWN
1574985600,?,TRUE,TRUE,TRUE,TRUE,TRUE,TRUE,TRUE,TRUE,TRUE,TRUE,?,?,?,?,?,?,?,TRUE,TRUE,?,?,?,TRUE,?,TRUE,TRUE,?,?,?,TRUE,?,?,TRUE,TRUE,TRUE,TRUE,?,?,?,?,?,TRUE,?,?,?,TRUE,?,?,?,DOWN
1574899200,?,TRUE,TRUE,TRUE,TRUE,?,TRUE,TRUE,TRUE,TRUE,TRUE,?,?,?,?,?,?,?,TRUE,TRUE,?,?,?,TRUE,?,TRUE,TRUE,?,?,?,TRUE,?,?,TRUE,TRUE,TRUE,TRUE,?,?,?,?,?,TRUE,?,?,?,TRUE,?,?,?,DOWN
1574812800,?,TRUE,TRUE,TRUE,TRUE,?,TRUE,TRUE,TRUE,TRUE,TRUE,?,?,?,?,?,?,?,TRUE,TRUE,?,?,?,TRUE,?,TRUE,TRUE,?,?,?,TRUE,?,?,TRUE,TRUE,TRUE,TRUE,?,?,?,?,?,?,?,?,?,TRUE,?,?,?,DOWN
1574726400,?,TRUE,TRUE,TRUE,TRUE,?,TRUE,TRUE,TRUE,TRUE,TRUE,?,?,TRUE,?,?,?,?,TRUE,TRUE,?,?,?,TRUE,?,TRUE,TRUE,?,?,?,TRUE,?,?,TRUE,TRUE,TRUE,TRUE,?,?,?,?,?,?,?,?,?,TRUE,?,?,?,UP
1574640000,?,TRUE,TRUE,TRUE,TRUE,?,TRUE,TRUE,TRUE,TRUE,TRUE,?,?,TRUE,?,?,?,?,TRUE,TRUE,?,?,?,TRUE,?,TRUE,TRUE,?,?,?,TRUE,?,?,TRUE,TRUE,TRUE,TRUE,?,?,?,?,?,?,?,?,?,TRUE,?,?,?,-
1574553600,?,FALSE,TRUE,TRUE,TRUE,?,TRUE,TRUE,FALSE,TRUE,TRUE,?,?,TRUE,?,?,FALSE,?,TRUE,TRUE,?,?,FALSE,TRUE,?,TRUE,TRUE,?,?,?,TRUE,?,?,TRUE,TRUE,TRUE,TRUE,?,?,?,?,?,FALSE,?,?,?,TRUE,?,?,?,UP
1574467200,?,TRUE,TRUE,TRUE,TRUE,?,TRUE,TRUE,FALSE,TRUE,TRUE,?,?,TRUE,?,?,FALSE,?,TRUE,TRUE,?,?,TRUE,TRUE,?,TRUE,TRUE,?,?,?,TRUE,?,?,TRUE,TRUE,TRUE,TRUE,?,?,?,?,?,FALSE,?,?,?,TRUE,?,?,?,-
1574380800,?,FALSE,TRUE,TRUE,TRUE,?,TRUE,TRUE,FALSE,TRUE,TRUE,?,?,TRUE,?,?,FALSE,?,TRUE,TRUE,?,?,TRUE,TRUE,?,TRUE,TRUE,?,?,?,TRUE,?,?,TRUE,TRUE,TRUE,TRUE,?,?,?,?,?,FALSE,?,?,?,TRUE,?,?,?,-
1574294400,?,FALSE,?,TRUE,TRUE,?,TRUE,TRUE,FALSE,TRUE,TRUE,?,?,TRUE,?,?,FALSE,?,TRUE,TRUE,?,?,TRUE,TRUE,?,TRUE,TRUE,?,?,?,?,?,?,TRUE,TRUE,TRUE,?,?,?,?,?,?,?,?,?,?,TRUE,?,?,?,DOWN
1574208000,?,FALSE,?,TRUE,TRUE,?,TRUE,TRUE,FALSE,TRUE,TRUE,?,?,TRUE,?,?,FALSE,?,TRUE,?,?,?,FALSE,TRUE,?,TRUE,TRUE,?,?,?,?,?,?,TRUE,TRUE,TRUE,?,?,?,?,?,?,?,?,?,?,?,?,?,?,DOWN
1574121600,?,FALSE,?,TRUE,TRUE,FALSE,TRUE,TRUE,FALSE,TRUE,TRUE,?,?,TRUE,?,?,FALSE,?,TRUE,?,?,?,FALSE,TRUE,?,TRUE,TRUE,?,?,?,?,?,?,TRUE,TRUE,TRUE,?,?,?,?,?,?,?,?,?,?,?,?,?,?,DOWN
1574035200,?,TRUE,?,TRUE,TRUE,FALSE,TRUE,TRUE,?,TRUE,TRUE,?,?,TRUE,?,?,FALSE,?,TRUE,?,?,?,FALSE,TRUE,?,TRUE,TRUE,?,?,?,?,?,?,TRUE,TRUE,TRUE,?,?,?,?,?,?,?,?,?,?,?,?,?,?,DOWN
1573948800,?,TRUE,?,TRUE,TRUE,FALSE,TRUE,TRUE,?,TRUE,TRUE,?,?,TRUE,?,?,FALSE,?,TRUE,?,?,?,TRUE,TRUE,?,TRUE,TRUE,?,?,?,?,?,?,TRUE,TRUE,?,?,?,?,?,?,?,?,?,?,?,?,?,?,?,DOWN
1573862400,?,TRUE,?,TRUE,TRUE,FALSE,TRUE,TRUE,?,TRUE,TRUE,?,?,TRUE,?,?,FALSE,?,TRUE,?,?,?,FALSE,TRUE,?,TRUE,TRUE,?,?,?,?,?,?,TRUE,TRUE,?,?,?,?,?,?,?,?,?,?,?,?,?,?,?,DOWN
1573776000,?,TRUE,?,TRUE,TRUE,FALSE,TRUE,TRUE,?,TRUE,TRUE,?,?,TRUE,?,?,FALSE,?,TRUE,?,?,?,FALSE,TRUE,?,TRUE,TRUE,?,?,?,?,?,?,TRUE,TRUE,?,?,?,?,?,?,?,?,?,?,?,?,?,?,?,DOWN
1573689600,?,TRUE,?,TRUE,TRUE,?,TRUE,TRUE,?,TRUE,TRUE,?,?,TRUE,?,?,FALSE,?,TRUE,?,?,?,?,TRUE,?,TRUE,TRUE,?,?,?,?,TRUE,?,TRUE,TRUE,?,?,?,?,TRUE,?,?,?,?,?,?,?,TRUE,?,?,DOWN
1573603200,?,TRUE,?,TRUE,TRUE,?,TRUE,TRUE,FALSE,TRUE,TRUE,?,?,TRUE,?,?,FALSE,?,TRUE,?,?,?,?,TRUE,?,TRUE,TRUE,?,?,?,?,TRUE,?,TRUE,TRUE,?,?,?,?,TRUE,?,?,?,?,?,?,?,TRUE,?,?,DOWN
1573516800,?,TRUE,?,TRUE,TRUE,?,TRUE,TRUE,?,TRUE,TRUE,?,?,TRUE,?,?,FALSE,?,TRUE,?,?,?,?,TRUE,?,TRUE,TRUE,?,?,?,?,TRUE,?,TRUE,TRUE,?,?,?,?,TRUE,?,?,?,?,?,?,?,TRUE,?,?,DOWN
1573430400,?,FALSE,?,TRUE,TRUE,?,TRUE,TRUE,?,TRUE,TRUE,?,?,TRUE,?,?,FALSE,?,TRUE,?,?,?,?,TRUE,?,TRUE,TRUE,?,?,?,?,TRUE,?,TRUE,TRUE,?,?,?,?,TRUE,?,?,?,?,?,?,?,TRUE,?,?,DOWN
1573344000,?,TRUE,?,TRUE,?,?,TRUE,TRUE,?,TRUE,TRUE,?,?,TRUE,?,?,FALSE,?,TRUE,?,?,?,?,TRUE,?,TRUE,TRUE,?,?,?,?,TRUE,?,TRUE,TRUE,?,?,TRUE,?,TRUE,?,?,?,?,?,?,?,TRUE,?,?,DOWN
1573257600,?,FALSE,?,TRUE,?,?,TRUE,TRUE,?,TRUE,TRUE,?,?,TRUE,?,?,FALSE,?,TRUE,?,?,?,?,TRUE,?,TRUE,TRUE,?,?,?,?,TRUE,?,TRUE,TRUE,?,?,TRUE,?,TRUE,?,?,?,?,?,?,?,TRUE,?,?,DOWN
1573171200,?,FALSE,?,TRUE,?,?,TRUE,TRUE,?,TRUE,TRUE,?,?,TRUE,?,?,FALSE,?,TRUE,?,?,?,?,TRUE,?,TRUE,TRUE,?,?,?,?,TRUE,?,TRUE,TRUE,?,?,TRUE,?,TRUE,?,?,?,?,?,?,?,TRUE,?,?,DOWN
1573084800,?,TRUE,?,TRUE,?,?,?,TRUE,?,TRUE,TRUE,?,?,TRUE,?,?,FALSE,TRUE,TRUE,?,?,?,?,TRUE,?,TRUE,TRUE,?,?,?,?,TRUE,?,TRUE,TRUE,?,?,TRUE,?,TRUE,?,?,?,?,?,?,?,TRUE,?,?,DOWN
1572998400,?,TRUE,?,TRUE,?,?,?,TRUE,?,TRUE,TRUE,?,?,TRUE,?,?,FALSE,TRUE,TRUE,?,?,?,?,TRUE,?,TRUE,TRUE,?,?,?,?,TRUE,?,TRUE,TRUE,?,TRUE,TRUE,?,TRUE,?,?,?,?,?,?,?,?,?,?,DOWN
1572912000,?,TRUE,?,TRUE,?,?,?,TRUE,?,TRUE,TRUE,?,?,TRUE,?,?,FALSE,TRUE,TRUE,?,?,?,?,TRUE,?,TRUE,TRUE,?,?,?,?,TRUE,?,TRUE,TRUE,?,TRUE,TRUE,?,TRUE,?,?,?,?,?,?,?,?,?,?,DOWN
1572825600,?,TRUE,?,TRUE,?,?,?,TRUE,?,TRUE,TRUE,?,?,TRUE,?,?,FALSE,TRUE,TRUE,?,?,?,?,TRUE,?,TRUE,TRUE,?,?,?,?,TRUE,?,TRUE,TRUE,?,TRUE,TRUE,?,TRUE,?,?,?,?,?,?,?,?,?,?,DOWN
1572739200,?,TRUE,?,TRUE,?,?,?,TRUE,?,TRUE,TRUE,?,?,TRUE,?,?,FALSE,TRUE,TRUE,?,?,?,?,TRUE,?,TRUE,TRUE,?,?,?,?,TRUE,?,TRUE,TRUE,?,TRUE,TRUE,?,TRUE,?,?,?,?,?,?,?,?,?,?,DOWN
1572652800,?,TRUE,?,TRUE,?,?,?,TRUE,?,TRUE,TRUE,?,?,TRUE,?,?,FALSE,TRUE,TRUE,?,?,?,?,TRUE,?,TRUE,TRUE,?,?,?,?,TRUE,?,TRUE,TRUE,?,TRUE,TRUE,?,TRUE,?,?,?,?,?,?,?,?,?,?,DOWN
1572566400,?,TRUE,TRUE,TRUE,?,?,?,TRUE,?,TRUE,TRUE,?,?,TRUE,?,?,FALSE,TRUE,TRUE,?,?,?,?,TRUE,?,TRUE,TRUE,?,?,?,?,TRUE,?,TRUE,TRUE,?,TRUE,TRUE,?,TRUE,?,?,?,?,?,?,?,?,?,?,DOWN
1572480000,?,FALSE,?,TRUE,?,?,?,TRUE,?,TRUE,TRUE,?,?,TRUE,?,?,FALSE,TRUE,TRUE,?,?,?,?,TRUE,?,TRUE,TRUE,?,?,?,?,TRUE,?,TRUE,TRUE,?,?,TRUE,?,?,?,?,?,?,?,?,?,?,?,?,DOWN
1572393600,?,FALSE,?,TRUE,?,?,?,TRUE,?,TRUE,TRUE,?,?,?,?,?,FALSE,TRUE,TRUE,?,?,?,?,TRUE,?,FALSE,TRUE,?,?,?,?,TRUE,?,TRUE,TRUE,?,?,TRUE,?,?,?,?,?,?,?,?,?,?,?,?,DOWN
1572307200,?,TRUE,?,TRUE,?,?,TRUE,TRUE,?,TRUE,TRUE,?,?,?,?,?,FALSE,TRUE,TRUE,?,?,?,?,TRUE,?,FALSE,TRUE,?,?,?,?,TRUE,?,TRUE,TRUE,?,?,TRUE,?,?,?,?,?,?,?,?,?,?,?,?,DOWN
1572220800,?,TRUE,?,TRUE,?,?,TRUE,TRUE,?,TRUE,TRUE,?,?,?,?,?,FALSE,TRUE,TRUE,?,?,?,?,TRUE,?,FALSE,TRUE,?,?,?,?,?,?,TRUE,TRUE,?,?,TRUE,?,?,?,?,?,?,?,?,?,?,?,?,DOWN
1572134400,TRUE,TRUE,?,TRUE,?,?,TRUE,TRUE,?,TRUE,TRUE,?,?,?,?,?,FALSE,TRUE,TRUE,?,?,?,?,TRUE,?,FALSE,TRUE,?,?,?,?,?,?,TRUE,TRUE,?,?,TRUE,?,TRUE,?,?,?,?,?,?,?,?,?,?,DOWN
1572048000,?,TRUE,?,TRUE,?,TRUE,TRUE,TRUE,?,TRUE,TRUE,?,?,?,?,?,FALSE,TRUE,TRUE,?,?,?,?,TRUE,?,FALSE,TRUE,?,?,?,?,?,?,TRUE,TRUE,?,?,TRUE,?,TRUE,?,?,?,?,?,?,?,?,?,?,DOWN
1571961600,?,FALSE,TRUE,TRUE,?,?,TRUE,TRUE,?,TRUE,TRUE,?,?,?,?,?,FALSE,TRUE,TRUE,TRUE,?,?,?,TRUE,?,FALSE,TRUE,?,?,?,?,?,?,TRUE,TRUE,?,?,TRUE,?,?,?,?,?,?,?,?,TRUE,?,?,?,DOWN
1571875200,?,FALSE,TRUE,TRUE,?,TRUE,TRUE,TRUE,?,TRUE,TRUE,?,?,?,?,?,FALSE,TRUE,TRUE,TRUE,?,?,?,TRUE,?,TRUE,TRUE,?,?,?,?,?,?,TRUE,TRUE,?,?,TRUE,?,?,?,?,?,?,?,?,TRUE,?,?,?,DOWN
1571788800,?,FALSE,TRUE,TRUE,?,TRUE,TRUE,TRUE,?,TRUE,TRUE,?,?,?,?,?,FALSE,?,TRUE,TRUE,?,?,?,TRUE,?,TRUE,TRUE,?,?,?,?,?,?,TRUE,TRUE,?,?,TRUE,?,?,?,?,?,?,?,?,TRUE,?,?,?,DOWN
1571702400,?,TRUE,TRUE,TRUE,?,FALSE,TRUE,TRUE,?,TRUE,TRUE,?,?,?,?,?,FALSE,?,TRUE,TRUE,?,?,?,TRUE,?,TRUE,TRUE,?,?,?,?,?,?,TRUE,TRUE,?,?,TRUE,?,?,?,?,?,?,?,?,TRUE,?,?,?,DOWN
1571616000,?,TRUE,TRUE,TRUE,?,?,TRUE,TRUE,?,TRUE,TRUE,?,?,?,?,?,FALSE,?,TRUE,TRUE,?,?,?,TRUE,?,TRUE,TRUE,?,?,?,?,?,?,TRUE,TRUE,?,?,TRUE,?,?,?,?,?,?,?,?,TRUE,?,?,?,DOWN
1571529600,?,TRUE,TRUE,TRUE,?,?,TRUE,TRUE,?,TRUE,TRUE,?,?,?,?,?,FALSE,?,TRUE,TRUE,?,?,?,TRUE,?,TRUE,TRUE,?,?,?,?,?,?,TRUE,TRUE,?,?,TRUE,?,?,?,?,?,?,?,?,TRUE,?,?,?,DOWN
1571443200,?,TRUE,TRUE,TRUE,?,FALSE,TRUE,TRUE,?,TRUE,TRUE,?,?,?,?,?,FALSE,?,TRUE,TRUE,?,?,?,TRUE,?,TRUE,TRUE,?,?,?,?,?,?,TRUE,TRUE,?,?,TRUE,?,?,?,?,?,?,?,?,TRUE,?,?,?,UP
1571356800,?,TRUE,TRUE,TRUE,?,FALSE,TRUE,TRUE,?,TRUE,TRUE,?,?,?,?,?,FALSE,?,TRUE,TRUE,?,?,?,TRUE,?,TRUE,TRUE,?,?,?,?,?,?,TRUE,TRUE,?,?,TRUE,?,?,?,?,?,?,?,?,TRUE,?,?,?,UP
1571270400,?,TRUE,TRUE,TRUE,?,FALSE,TRUE,TRUE,?,TRUE,TRUE,?,?,?,?,?,FALSE,?,TRUE,TRUE,?,?,?,TRUE,?,TRUE,TRUE,?,?,?,?,?,?,TRUE,TRUE,?,?,TRUE,?,?,?,?,?,?,?,?,TRUE,?,?,?,UP
1571184000,?,FALSE,TRUE,TRUE,?,?,TRUE,TRUE,?,TRUE,TRUE,?,?,?,?,?,FALSE,?,TRUE,TRUE,?,?,?,TRUE,?,TRUE,TRUE,?,?,?,?,?,?,TRUE,TRUE,?,?,TRUE,?,?,?,?,?,?,?,?,TRUE,?,?,?,UP
1571097600,?,TRUE,TRUE,TRUE,?,FALSE,TRUE,TRUE,?,TRUE,TRUE,?,?,TRUE,?,?,FALSE,?,TRUE,TRUE,?,?,?,TRUE,?,TRUE,TRUE,?,?,?,?,?,?,TRUE,TRUE,?,?,TRUE,?,?,?,?,?,?,?,?,TRUE,?,?,?,UP
1571011200,?,TRUE,TRUE,TRUE,?,FALSE,TRUE,TRUE,?,TRUE,TRUE,?,?,TRUE,?,?,FALSE,?,TRUE,TRUE,?,?,?,TRUE,?,TRUE,TRUE,?,?,?,?,?,?,TRUE,TRUE,?,?,TRUE,?,?,?,?,?,?,?,?,TRUE,?,?,?,UP
1570924800,?,TRUE,TRUE,TRUE,?,FALSE,TRUE,TRUE,?,TRUE,TRUE,?,?,TRUE,?,?,FALSE,?,TRUE,TRUE,?,?,?,TRUE,?,?,TRUE,?,?,?,?,?,?,TRUE,TRUE,?,?,TRUE,?,?,?,?,?,?,?,?,TRUE,?,?,?,UP
1570838400,?,TRUE,TRUE,TRUE,?,FALSE,TRUE,TRUE,?,TRUE,TRUE,?,?,TRUE,?,?,FALSE,?,TRUE,TRUE,?,?,?,TRUE,?,?,TRUE,?,?,?,?,?,?,TRUE,TRUE,TRUE,?,TRUE,?,?,?,?,?,?,?,?,TRUE,?,?,?,UP
1570752000,?,TRUE,TRUE,TRUE,?,FALSE,TRUE,TRUE,?,TRUE,TRUE,?,?,TRUE,?,?,FALSE,?,TRUE,TRUE,?,?,?,TRUE,?,?,TRUE,?,?,?,?,?,?,TRUE,TRUE,TRUE,?,TRUE,?,?,?,?,?,?,?,?,TRUE,?,?,?,UP
1570665600,?,TRUE,TRUE,TRUE,?,TRUE,TRUE,TRUE,?,TRUE,TRUE,?,?,TRUE,?,?,FALSE,?,TRUE,TRUE,?,?,?,TRUE,?,?,TRUE,?,?,?,?,?,?,TRUE,TRUE,?,?,TRUE,?,?,?,?,?,?,?,?,TRUE,?,?,?,UP
1570579200,?,TRUE,TRUE,TRUE,?,TRUE,TRUE,TRUE,?,TRUE,TRUE,?,?,TRUE,?,?,?,?,TRUE,TRUE,?,?,?,TRUE,?,?,TRUE,?,?,?,?,?,?,TRUE,TRUE,?,?,TRUE,?,?,?,?,?,?,?,?,TRUE,?,?,?,UP
1570492800,?,TRUE,TRUE,TRUE,?,TRUE,TRUE,TRUE,?,TRUE,TRUE,?,?,TRUE,?,?,?,?,TRUE,TRUE,?,?,?,TRUE,?,?,TRUE,?,?,?,?,?,?,TRUE,TRUE,?,?,TRUE,?,?,?,?,?,?,?,?,TRUE,?,?,?,UP
1570406400,?,FALSE,TRUE,TRUE,?,?,TRUE,TRUE,?,TRUE,TRUE,?,?,TRUE,?,?,?,?,TRUE,TRUE,?,?,?,TRUE,?,?,TRUE,?,?,?,?,?,?,TRUE,TRUE,?,?,TRUE,?,?,?,?,?,?,?,?,TRUE,?,?,?,UP
1570320000,?,FALSE,TRUE,TRUE,?,?,TRUE,TRUE,?,TRUE,TRUE,?,?,TRUE,?,?,?,?,TRUE,TRUE,?,?,?,TRUE,?,?,TRUE,?,?,?,?,?,?,TRUE,TRUE,?,?,TRUE,?,?,?,?,?,?,?,?,TRUE,?,?,?,UP
1570147200,?,FALSE,TRUE,TRUE,?,FALSE,TRUE,TRUE,?,TRUE,TRUE,?,?,TRUE,?,?,?,?,TRUE,TRUE,?,?,?,TRUE,?,?,TRUE,?,?,?,?,?,?,TRUE,TRUE,?,?,TRUE,?,?,?,?,?,?,?,?,TRUE,?,?,?,UP
1570060800,?,FALSE,TRUE,TRUE,?,FALSE,TRUE,TRUE,?,TRUE,TRUE,?,?,TRUE,?,?,?,?,TRUE,TRUE,?,?,?,TRUE,?,?,TRUE,?,?,?,?,?,?,TRUE,TRUE,?,?,TRUE,?,?,?,?,?,?,?,?,TRUE,?,?,?,UP
1569974400,?,TRUE,TRUE,TRUE,?,?,TRUE,TRUE,?,TRUE,TRUE,?,?,TRUE,?,?,?,?,TRUE,TRUE,?,?,?,TRUE,?,?,TRUE,?,?,?,?,?,?,TRUE,TRUE,?,?,TRUE,?,?,?,?,?,?,?,?,TRUE,?,?,?,UP
1569888000,?,TRUE,TRUE,TRUE,?,?,TRUE,TRUE,?,TRUE,TRUE,?,?,TRUE,?,?,?,?,TRUE,TRUE,?,?,?,TRUE,?,?,TRUE,?,?,?,?,?,?,TRUE,TRUE,?,?,TRUE,?,?,?,?,?,?,?,?,TRUE,?,?,?,UP
1569801600,?,FALSE,TRUE,TRUE,?,?,?,TRUE,?,TRUE,TRUE,?,?,TRUE,?,?,?,?,TRUE,TRUE,?,TRUE,?,TRUE,?,?,TRUE,?,?,?,?,?,?,TRUE,TRUE,?,?,TRUE,?,?,?,?,?,?,?,?,TRUE,?,?,?,UP
1569715200,?,FALSE,TRUE,TRUE,?,?,?,TRUE,?,TRUE,TRUE,?,?,TRUE,?,?,?,?,TRUE,TRUE,?,TRUE,?,TRUE,?,?,TRUE,?,?,?,?,?,?,TRUE,TRUE,?,?,TRUE,?,?,?,?,?,?,?,?,TRUE,?,?,?,UP
1569542400,?,FALSE,TRUE,TRUE,?,?,?,TRUE,?,TRUE,TRUE,?,?,TRUE,?,?,?,?,TRUE,TRUE,?,TRUE,?,TRUE,?,?,TRUE,?,?,?,?,?,?,TRUE,TRUE,?,?,TRUE,?,?,?,?,?,?,?,?,TRUE,?,?,?,UP
1569456000,?,FALSE,TRUE,TRUE,?,?,?,TRUE,?,TRUE,TRUE,?,?,TRUE,?,?,?,?,?,TRUE,?,TRUE,?,TRUE,?,?,TRUE,?,?,?,?,?,?,TRUE,TRUE,?,?,TRUE,?,?,?,?,?,?,?,?,TRUE,?,?,?,UP
1569369600,?,FALSE,TRUE,TRUE,?,?,?,TRUE,?,TRUE,TRUE,?,?,TRUE,TRUE,?,?,TRUE,?,TRUE,?,TRUE,?,TRUE,?,?,TRUE,?,?,?,?,?,?,TRUE,TRUE,?,?,TRUE,?,?,?,?,?,?,?,?,?,?,?,?,-
1569283200,?,FALSE,TRUE,TRUE,?,?,?,TRUE,?,TRUE,TRUE,?,?,TRUE,?,?,?,?,?,?,?,TRUE,?,TRUE,?,?,TRUE,?,?,?,?,?,?,TRUE,TRUE,?,?,TRUE,?,?,?,?,?,?,?,?,?,?,?,?,DOWN
1569196800,?,TRUE,TRUE,TRUE,?,?,?,?,?,TRUE,TRUE,?,?,TRUE,?,?,FALSE,TRUE,?,?,?,TRUE,?,TRUE,?,?,TRUE,TRUE,TRUE,?,?,?,?,TRUE,TRUE,?,TRUE,TRUE,?,?,?,?,?,?,?,?,?,?,TRUE,?,DOWN
1569110400,?,TRUE,TRUE,TRUE,?,?,?,?,?,TRUE,TRUE,?,?,TRUE,?,?,FALSE,TRUE,?,?,?,?,?,TRUE,?,?,TRUE,TRUE,TRUE,?,?,?,?,TRUE,TRUE,?,TRUE,TRUE,?,?,?,?,?,?,?,?,?,?,TRUE,?,DOWN
1569024000,?,TRUE,TRUE,TRUE,?,?,?,?,?,TRUE,TRUE,?,?,TRUE,?,?,FALSE,TRUE,?,?,?,?,?,TRUE,?,?,TRUE,TRUE,TRUE,?,?,?,?,TRUE,TRUE,?,TRUE,TRUE,?,?,?,?,?,?,?,?,?,?,TRUE,?,DOWN
1568937600,?,TRUE,TRUE,TRUE,?,?,?,?,?,TRUE,TRUE,?,?,TRUE,?,?,FALSE,TRUE,?,?,?,?,?,TRUE,?,?,TRUE,TRUE,TRUE,?,?,?,?,TRUE,TRUE,?,TRUE,TRUE,?,?,?,?,?,?,?,?,?,?,TRUE,?,DOWN
1568851200,?,TRUE,TRUE,TRUE,?,?,?,?,?,TRUE,TRUE,?,?,TRUE,?,?,FALSE,TRUE,?,?,?,?,?,TRUE,?,?,TRUE,TRUE,TRUE,?,?,?,?,TRUE,TRUE,?,TRUE,TRUE,?,?,?,?,?,?,?,?,?,?,TRUE,?,DOWN
1568764800,?,TRUE,?,TRUE,?,?,?,?,?,TRUE,TRUE,?,?,TRUE,?,?,FALSE,TRUE,?,?,?,?,?,TRUE,?,?,TRUE,TRUE,TRUE,?,?,?,?,TRUE,TRUE,?,TRUE,TRUE,?,?,?,?,?,?,?,?,?,?,TRUE,?,DOWN
1568678400,?,TRUE,?,TRUE,?,?,?,?,?,TRUE,TRUE,?,?,TRUE,?,?,FALSE,TRUE,?,?,?,?,?,TRUE,?,?,TRUE,TRUE,TRUE,?,?,?,?,TRUE,TRUE,?,TRUE,TRUE,?,?,?,?,?,?,?,?,?,?,TRUE,?,DOWN
1568592000,?,TRUE,?,TRUE,?,?,?,?,?,TRUE,TRUE,?,?,TRUE,?,?,FALSE,TRUE,?,?,?,?,?,TRUE,?,?,TRUE,TRUE,TRUE,?,?,?,?,TRUE,TRUE,?,TRUE,TRUE,?,?,?,?,?,?,?,?,?,?,TRUE,?,DOWN
1568505600,TRUE,TRUE,?,TRUE,?,?,?,?,?,TRUE,TRUE,?,?,TRUE,?,?,FALSE,TRUE,?,?,?,?,?,TRUE,?,?,TRUE,TRUE,TRUE,?,?,?,?,TRUE,TRUE,?,TRUE,TRUE,?,?,?,?,?,?,?,?,?,?,TRUE,?,DOWN
1568419200,TRUE,TRUE,?,TRUE,?,?,?,?,?,TRUE,TRUE,?,?,TRUE,?,?,FALSE,TRUE,?,?,?,?,?,TRUE,?,?,TRUE,TRUE,TRUE,?,?,?,?,TRUE,TRUE,?,TRUE,TRUE,?,?,?,?,?,?,?,?,?,?,TRUE,?,DOWN
1568332800,?,TRUE,?,TRUE,?,?,?,?,?,TRUE,TRUE,?,?,TRUE,?,?,FALSE,TRUE,?,?,?,?,?,TRUE,?,?,TRUE,TRUE,TRUE,?,?,?,?,TRUE,TRUE,?,TRUE,TRUE,?,?,?,?,?,?,?,?,?,?,TRUE,?,DOWN
1568246400,?,FALSE,?,TRUE,?,?,?,?,?,TRUE,TRUE,?,?,TRUE,?,?,FALSE,TRUE,?,?,?,?,?,TRUE,?,?,TRUE,TRUE,TRUE,?,?,?,?,TRUE,TRUE,?,TRUE,TRUE,?,?,?,?,?,?,?,?,?,?,TRUE,?,DOWN
1568160000,?,FALSE,?,TRUE,?,?,?,?,?,TRUE,TRUE,?,?,TRUE,?,?,FALSE,TRUE,?,?,?,?,?,TRUE,?,?,TRUE,TRUE,TRUE,?,?,?,?,TRUE,TRUE,?,TRUE,TRUE,?,?,?,?,?,?,?,?,?,?,TRUE,?,DOWN
1568073600,?,FALSE,?,TRUE,?,?,?,?,?,TRUE,TRUE,?,?,TRUE,?,?,FALSE,TRUE,?,?,?,?,?,TRUE,?,?,TRUE,TRUE,TRUE,?,?,?,?,TRUE,TRUE,?,TRUE,TRUE,?,?,?,?,?,?,?,?,?,?,TRUE,?,DOWN
1567987200,?,TRUE,?,TRUE,?,?,?,?,?,TRUE,TRUE,?,?,TRUE,?,?,FALSE,TRUE,?,?,?,?,?,TRUE,?,?,TRUE,TRUE,TRUE,?,?,?,?,TRUE,TRUE,?,TRUE,TRUE,?,?,?,?,?,?,?,?,?,?,TRUE,?,DOWN
1567900800,?,TRUE,?,TRUE,?,?,?,?,?,TRUE,TRUE,?,?,TRUE,?,?,FALSE,TRUE,?,?,?,?,?,TRUE,?,?,TRUE,TRUE,TRUE,?,?,?,?,TRUE,TRUE,?,TRUE,TRUE,?,?,?,?,?,?,?,?,?,?,TRUE,?,DOWN
1567814400,?,TRUE,?,TRUE,?,?,?,?,?,TRUE,TRUE,?,?,TRUE,?,?,FALSE,TRUE,?,?,?,?,?,TRUE,?,?,TRUE,TRUE,TRUE,?,?,?,?,TRUE,TRUE,?,TRUE,TRUE,?,?,?,?,?,?,?,?,?,?,TRUE,?,DOWN
1567728000,?,TRUE,TRUE,TRUE,?,?,?,?,?,TRUE,TRUE,?,?,TRUE,?,?,FALSE,TRUE,?,?,?,?,?,TRUE,?,?,TRUE,TRUE,TRUE,?,?,?,?,TRUE,TRUE,?,TRUE,TRUE,?,?,?,?,?,?,?,?,?,?,TRUE,?,DOWN
1567641600,?,FALSE,TRUE,TRUE,?,FALSE,?,?,?,TRUE,TRUE,TRUE,?,TRUE,?,?,FALSE,TRUE,?,?,?,?,?,TRUE,?,?,TRUE,TRUE,TRUE,?,?,?,?,TRUE,TRUE,?,TRUE,TRUE,?,?,?,?,?,?,?,?,?,?,TRUE,TRUE,DOWN
1567555200,?,FALSE,TRUE,TRUE,?,FALSE,?,?,?,TRUE,TRUE,TRUE,?,TRUE,?,?,FALSE,TRUE,?,?,?,?,?,TRUE,?,?,TRUE,TRUE,TRUE,?,?,?,?,TRUE,TRUE,?,TRUE,TRUE,?,?,?,?,?,?,?,?,?,?,TRUE,TRUE,DOWN
1567468800,?,TRUE,TRUE,TRUE,?,?,?,?,?,TRUE,TRUE,?,?,TRUE,?,?,TRUE,TRUE,?,?,?,?,?,TRUE,?,?,TRUE,TRUE,TRUE,?,?,?,?,TRUE,TRUE,?,TRUE,TRUE,?,?,?,?,?,?,TRUE,?,?,?,TRUE,TRUE,DOWN
1567382400,?,TRUE,TRUE,TRUE,?,?,?,?,?,TRUE,TRUE,?,?,TRUE,?,?,FALSE,TRUE,?,TRUE,?,TRUE,?,TRUE,?,?,TRUE,TRUE,TRUE,?,?,?,?,TRUE,TRUE,?,TRUE,TRUE,?,?,?,?,?,?,TRUE,?,?,?,TRUE,TRUE,DOWN
1567296000,?,TRUE,TRUE,TRUE,?,?,?,?,?,TRUE,TRUE,?,?,TRUE,?,?,FALSE,TRUE,?,TRUE,?,TRUE,?,TRUE,?,?,TRUE,TRUE,TRUE,?,?,?,?,TRUE,TRUE,?,TRUE,TRUE,?,?,?,?,?,?,TRUE,?,?,?,TRUE,TRUE,DOWN
1567209600,?,TRUE,TRUE,TRUE,?,?,?,?,?,TRUE,TRUE,?,?,TRUE,?,?,FALSE,TRUE,?,TRUE,?,TRUE,?,TRUE,?,?,TRUE,TRUE,TRUE,?,?,?,?,TRUE,TRUE,TRUE,?,TRUE,?,?,?,?,?,?,TRUE,?,?,?,TRUE,TRUE,DOWN
1567123200,?,TRUE,TRUE,TRUE,?,?,?,?,?,TRUE,TRUE,?,?,TRUE,?,?,?,TRUE,?,TRUE,?,TRUE,?,TRUE,?,?,TRUE,TRUE,TRUE,?,?,?,?,TRUE,TRUE,?,?,TRUE,?,?,?,?,?,?,TRUE,?,?,?,TRUE,TRUE,DOWN
1567036800,?,TRUE,TRUE,TRUE,?,?,?,?,?,TRUE,TRUE,?,?,TRUE,?,?,?,TRUE,?,TRUE,?,TRUE,?,TRUE,?,?,TRUE,TRUE,TRUE,?,?,?,?,TRUE,TRUE,?,?,TRUE,?,?,?,?,?,?,TRUE,?,?,?,TRUE,TRUE,DOWN
1566950400,?,TRUE,TRUE,TRUE,?,?,?,?,?,TRUE,TRUE,?,?,TRUE,?,?,?,TRUE,?,TRUE,?,TRUE,?,TRUE,?,?,TRUE,TRUE,TRUE,?,?,?,?,TRUE,TRUE,?,?,TRUE,?,?,?,?,?,?,TRUE,?,?,?,TRUE,TRUE,DOWN
1566864000,?,TRUE,TRUE,TRUE,?,TRUE,?,?,?,TRUE,TRUE,?,?,TRUE,?,?,?,TRUE,?,?,?,TRUE,?,TRUE,?,?,TRUE,TRUE,TRUE,?,?,?,?,TRUE,TRUE,?,?,TRUE,?,?,?,?,?,?,TRUE,?,?,?,TRUE,TRUE,DOWN
1566777600,?,TRUE,?,TRUE,?,TRUE,?,?,?,TRUE,TRUE,?,?,TRUE,?,?,?,TRUE,?,?,?,TRUE,?,TRUE,?,?,TRUE,TRUE,TRUE,?,?,?,?,TRUE,TRUE,?,?,TRUE,?,?,?,?,?,?,TRUE,?,?,?,TRUE,TRUE,DOWN
1566691200,?,TRUE,TRUE,TRUE,?,TRUE,?,?,?,TRUE,TRUE,?,?,TRUE,?,?,?,TRUE,?,?,?,TRUE,?,TRUE,?,?,TRUE,TRUE,TRUE,?,?,?,?,TRUE,TRUE,?,?,TRUE,?,?,?,?,?,?,TRUE,?,?,?,TRUE,TRUE,DOWN
1566604800,?,TRUE,TRUE,TRUE,?,TRUE,?,?,?,TRUE,TRUE,?,?,TRUE,?,?,?,TRUE,?,?,?,TRUE,?,TRUE,?,?,TRUE,TRUE,TRUE,?,?,?,?,TRUE,TRUE,?,?,TRUE,?,?,?,?,?,?,TRUE,?,?,?,TRUE,TRUE,DOWN
1566518400,?,TRUE,?,TRUE,?,TRUE,?,?,?,TRUE,TRUE,?,?,TRUE,?,?,?,TRUE,?,?,?,TRUE,?,TRUE,?,?,TRUE,TRUE,TRUE,?,?,?,?,TRUE,TRUE,?,?,TRUE,?,?,?,?,?,?,TRUE,?,?,?,TRUE,TRUE,DOWN
1566432000,?,TRUE,TRUE,TRUE,?,TRUE,?,?,?,TRUE,TRUE,?,?,TRUE,?,?,TRUE,TRUE,?,?,?,TRUE,?,TRUE,?,?,TRUE,?,TRUE,?,?,?,?,TRUE,TRUE,?,?,TRUE,?,?,?,?,?,?,TRUE,?,?,?,TRUE,TRUE,DOWN
1566345600,?,TRUE,TRUE,TRUE,?,TRUE,?,?,?,TRUE,TRUE,?,?,TRUE,?,?,TRUE,TRUE,?,?,?,TRUE,?,TRUE,?,?,TRUE,?,TRUE,?,?,?,?,TRUE,TRUE,?,?,TRUE,?,?,?,?,?,?,TRUE,?,?,?,TRUE,TRUE,-
1566259200,?,TRUE,TRUE,TRUE,?,TRUE,?,?,?,TRUE,TRUE,?,?,TRUE,?,?,?,TRUE,?,?,?,TRUE,?,TRUE,?,?,TRUE,?,TRUE,?,?,?,?,TRUE,TRUE,?,?,TRUE,?,?,?,?,?,?,TRUE,?,?,?,TRUE,TRUE,DOWN
1566172800,?,TRUE,TRUE,TRUE,?,TRUE,?,?,?,TRUE,TRUE,?,TRUE,TRUE,?,?,?,TRUE,?,?,?,TRUE,?,TRUE,?,?,TRUE,?,TRUE,?,?,?,?,TRUE,TRUE,?,?,TRUE,?,?,?,?,?,?,TRUE,?,?,?,TRUE,?,DOWN
1566086400,?,TRUE,TRUE,TRUE,?,FALSE,?,?,?,TRUE,TRUE,?,TRUE,TRUE,?,?,?,?,?,TRUE,?,TRUE,?,TRUE,?,?,TRUE,?,TRUE,?,?,?,?,TRUE,TRUE,?,?,TRUE,?,?,?,?,?,?,TRUE,?,?,?,TRUE,?,DOWN
1566000000,?,TRUE,TRUE,TRUE,?,FALSE,?,?,?,TRUE,TRUE,?,TRUE,TRUE,?,?,?,?,?,TRUE,?,TRUE,?,TRUE,?,?,TRUE,?,TRUE,?,?,?,?,TRUE,TRUE,?,?,TRUE,?,?,?,?,?,?,TRUE,?,?,?,TRUE,?,UP
1565913600,?,TRUE,TRUE,TRUE,?,?,?,?,?,TRUE,TRUE,?,TRUE,TRUE,?,?,?,?,?,TRUE,?,TRUE,?,TRUE,?,?,TRUE,?,TRUE,?,?,?,?,TRUE,TRUE,?,?,TRUE,?,?,?,?,?,?,TRUE,?,?,?,TRUE,?,DOWN
1565827200,?,TRUE,TRUE,TRUE,?,?,?,?,?,TRUE,TRUE,?,TRUE,TRUE,?,?,?,?,?,TRUE,?,TRUE,?,TRUE,?,?,TRUE,?,TRUE,?,?,?,?,TRUE,TRUE,?,?,TRUE,?,?,?,?,?,?,TRUE,?,?,?,TRUE,?,-
1565740800,?,TRUE,TRUE,TRUE,?,?,?,?,?,TRUE,TRUE,?,TRUE,TRUE,?,?,?,?,?,?,?,TRUE,?,TRUE,?,?,TRUE,?,TRUE,?,?,?,?,TRUE,TRUE,?,?,TRUE,?,?,?,?,?,?,?,?,?,?,TRUE,?,-
1565654400,?,TRUE,TRUE,TRUE,?,?,?,?,?,TRUE,TRUE,?,?,TRUE,?,?,?,?,?,?,?,TRUE,?,TRUE,?,?,TRUE,?,TRUE,?,?,?,?,TRUE,TRUE,?,?,TRUE,?,?,?,?,?,?,?,?,?,?,TRUE,?,DOWN
1565568000,?,TRUE,TRUE,TRUE,?,TRUE,?,?,?,TRUE,TRUE,?,?,TRUE,?,?,?,?,?,?,?,TRUE,?,TRUE,?,?,TRUE,?,TRUE,?,?,?,?,TRUE,TRUE,?,?,TRUE,?,?,?,?,?,?,?,?,?,?,TRUE,?,DOWN
1565395200,?,TRUE,TRUE,TRUE,?,TRUE,?,?,?,TRUE,TRUE,?,?,TRUE,?,?,?,?,?,?,?,TRUE,?,TRUE,?,?,TRUE,?,TRUE,?,?,?,?,TRUE,TRUE,?,?,TRUE,?,?,?,?,?,?,?,?,?,?,TRUE,?,DOWN
1565308800,?,TRUE,TRUE,TRUE,?,?,?,?,?,TRUE,TRUE,?,?,TRUE,?,?,?,?,?,?,?,TRUE,?,TRUE,?,?,?,?,TRUE,?,?,?,?,TRUE,TRUE,?,?,TRUE,?,?,?,?,?,?,?,?,?,?,TRUE,?,DOWN
1565222400,?,TRUE,TRUE,TRUE,?,?,?,?,?,TRUE,TRUE,?,?,TRUE,?,?,?,?,?,?,?,TRUE,?,TRUE,?,?,?,?,TRUE,?,?,?,?,TRUE,TRUE,?,?,TRUE,?,?,?,?,?,?,?,?,?,?,TRUE,?,DOWN
1565136000,?,TRUE,TRUE,TRUE,?,?,?,?,?,TRUE,TRUE,?,?,TRUE,?,?,?,?,?,?,?,TRUE,?,TRUE,?,?,?,?,TRUE,?,?,?,?,TRUE,TRUE,?,?,TRUE,?,?,?,?,?,?,?,?,?,?,TRUE,?,DOWN
1565049600,?,TRUE,TRUE,TRUE,?,?,?,?,?,TRUE,TRUE,?,?,TRUE,?,?,?,?,?,?,?,TRUE,?,TRUE,?,?,?,?,TRUE,?,?,?,?,TRUE,TRUE,?,?,TRUE,?,?,?,?,?,?,?,?,?,?,TRUE,?,DOWN
1564963200,?,TRUE,TRUE,TRUE,?,?,?,?,?,TRUE,TRUE,?,TRUE,TRUE,?,?,?,?,?,?,?,TRUE,?,TRUE,?,?,?,?,TRUE,?,TRUE,?,?,TRUE,TRUE,?,?,TRUE,?,?,?,?,?,?,?,?,?,?,TRUE,?,DOWN
1564876800,?,TRUE,TRUE,TRUE,?,TRUE,?,?,?,TRUE,TRUE,FALSE,TRUE,TRUE,?,?,?,?,?,TRUE,?,TRUE,?,TRUE,?,?,?,?,TRUE,?,TRUE,?,?,TRUE,TRUE,?,?,TRUE,TRUE,?,TRUE,?,?,?,?,?,?,?,TRUE,?,DOWN
1564790400,?,TRUE,TRUE,TRUE,?,TRUE,?,?,?,TRUE,TRUE,FALSE,TRUE,TRUE,?,?,?,?,?,TRUE,?,TRUE,?,TRUE,?,?,?,?,TRUE,?,TRUE,?,?,TRUE,TRUE,?,?,TRUE,TRUE,?,TRUE,?,?,?,?,?,?,?,TRUE,?,DOWN
1564704000,?,TRUE,TRUE,TRUE,?,?,FALSE,?,?,TRUE,TRUE,FALSE,TRUE,TRUE,?,?,?,?,?,TRUE,?,TRUE,?,TRUE,?,?,?,?,TRUE,?,TRUE,?,?,TRUE,TRUE,?,?,TRUE,TRUE,?,TRUE,?,?,?,?,?,?,?,TRUE,?,DOWN
1564617600,TRUE,TRUE,TRUE,TRUE,?,FALSE,TRUE,?,?,TRUE,TRUE,FALSE,TRUE,TRUE,?,?,?,TRUE,?,TRUE,?,TRUE,?,TRUE,?,?,?,TRUE,TRUE,?,TRUE,?,TRUE,TRUE,TRUE,?,?,TRUE,TRUE,?,TRUE,?,?,?,?,?,?,?,TRUE,?,DOWN
1564531200,TRUE,TRUE,TRUE,TRUE,?,FALSE,TRUE,?,?,TRUE,TRUE,FALSE,TRUE,TRUE,?,?,?,TRUE,?,TRUE,TRUE,TRUE,?,TRUE,?,?,?,?,TRUE,?,TRUE,?,TRUE,TRUE,TRUE,?,?,TRUE,TRUE,?,TRUE,?,?,?,?,?,?,?,TRUE,?,DOWN
1564444800,TRUE,FALSE,TRUE,TRUE,?,?,TRUE,?,?,TRUE,TRUE,FALSE,TRUE,TRUE,?,?,?,TRUE,?,TRUE,TRUE,TRUE,?,TRUE,?,?,?,?,TRUE,?,TRUE,?,TRUE,TRUE,TRUE,?,?,TRUE,TRUE,?,TRUE,?,?,?,?,?,?,?,TRUE,?,-
1564358400,TRUE,FALSE,TRUE,TRUE,?,?,TRUE,?,?,TRUE,TRUE,FALSE,TRUE,TRUE,?,?,?,TRUE,?,TRUE,TRUE,TRUE,?,TRUE,?,?,?,?,TRUE,?,TRUE,?,TRUE,TRUE,TRUE,?,?,TRUE,TRUE,?,TRUE,?,?,?,?,?,?,?,TRUE,?,UP
1564272000,TRUE,FALSE,TRUE,TRUE,?,?,TRUE,?,?,TRUE,TRUE,FALSE,?,TRUE,?,?,?,TRUE,?,TRUE,TRUE,TRUE,?,TRUE,?,?,?,?,TRUE,?,TRUE,?,TRUE,TRUE,TRUE,?,?,TRUE,TRUE,?,TRUE,?,?,?,?,?,?,?,TRUE,?,UP
1564185600,TRUE,FALSE,TRUE,TRUE,?,?,TRUE,?,?,TRUE,TRUE,?,?,TRUE,?,?,?,TRUE,?,TRUE,TRUE,TRUE,?,TRUE,?,?,?,?,TRUE,?,TRUE,?,TRUE,TRUE,TRUE,?,?,TRUE,TRUE,?,TRUE,?,?,?,?,TRUE,?,?,TRUE,?,UP
1564099200,TRUE,FALSE,TRUE,TRUE,?,?,TRUE,?,?,TRUE,TRUE,?,?,TRUE,?,?,?,TRUE,?,TRUE,TRUE,TRUE,?,TRUE,?,?,?,?,TRUE,?,TRUE,?,TRUE,TRUE,TRUE,?,?,TRUE,TRUE,?,TRUE,?,?,?,?,TRUE,?,?,TRUE,?,UP
1564012800,TRUE,FALSE,TRUE,TRUE,?,?,TRUE,?,?,TRUE,TRUE,?,?,TRUE,?,?,?,TRUE,?,TRUE,TRUE,TRUE,?,TRUE,?,?,?,?,TRUE,?,TRUE,?,TRUE,TRUE,TRUE,?,?,TRUE,TRUE,?,TRUE,?,?,?,?,TRUE,?,?,TRUE,?,UP
1563926400,TRUE,FALSE,TRUE,TRUE,?,?,TRUE,?,?,TRUE,TRUE,?,?,TRUE,?,?,?,TRUE,?,TRUE,TRUE,TRUE,?,TRUE,?,?,?,?,TRUE,?,TRUE,?,TRUE,TRUE,TRUE,?,?,TRUE,TRUE,?,TRUE,?,?,?,TRUE,TRUE,?,?,TRUE,?,UP
1563840000,TRUE,TRUE,TRUE,TRUE,?,FALSE,TRUE,?,?,TRUE,TRUE,?,?,TRUE,?,?,FALSE,TRUE,?,TRUE,TRUE,TRUE,?,TRUE,?,?,?,?,TRUE,?,TRUE,?,TRUE,TRUE,TRUE,?,TRUE,TRUE,TRUE,?,TRUE,?,?,?,TRUE,TRUE,?,?,TRUE,?,-
1563753600,TRUE,TRUE,TRUE,TRUE,?,?,TRUE,?,?,TRUE,TRUE,?,?,TRUE,?,?,?,?,?,TRUE,TRUE,TRUE,?,TRUE,?,?,?,?,TRUE,?,TRUE,?,TRUE,TRUE,TRUE,?,TRUE,TRUE,TRUE,?,TRUE,?,?,?,TRUE,TRUE,?,?,TRUE,?,DOWN
1563667200,TRUE,TRUE,TRUE,TRUE,?,?,TRUE,?,?,TRUE,TRUE,?,?,TRUE,?,?,?,?,?,TRUE,TRUE,TRUE,?,TRUE,?,?,?,?,TRUE,?,TRUE,?,TRUE,TRUE,TRUE,?,TRUE,TRUE,TRUE,?,TRUE,?,?,?,TRUE,TRUE,?,?,TRUE,?,UP
1563580800,TRUE,TRUE,TRUE,TRUE,?,?,TRUE,?,?,TRUE,TRUE,?,?,TRUE,?,?,?,?,?,TRUE,TRUE,TRUE,?,TRUE,?,?,?,?,TRUE,?,TRUE,?,TRUE,TRUE,TRUE,?,TRUE,TRUE,TRUE,?,TRUE,?,?,?,TRUE,TRUE,?,?,TRUE,?,DOWN
1563494400,TRUE,TRUE,TRUE,TRUE,?,?,TRUE,?,?,TRUE,TRUE,?,?,TRUE,?,?,?,?,?,TRUE,TRUE,TRUE,?,TRUE,?,?,?,?,TRUE,?,TRUE,?,TRUE,TRUE,TRUE,?,TRUE,TRUE,TRUE,?,TRUE,?,?,?,TRUE,TRUE,?,?,TRUE,?,DOWN
1563408000,TRUE,TRUE,TRUE,TRUE,?,?,TRUE,?,?,TRUE,TRUE,?,?,TRUE,?,?,?,?,?,TRUE,TRUE,TRUE,?,TRUE,?,?,?,?,TRUE,?,TRUE,?,TRUE,TRUE,TRUE,?,TRUE,TRUE,TRUE,?,TRUE,?,?,?,TRUE,TRUE,?,TRUE,TRUE,?,DOWN
1563321600,TRUE,TRUE,TRUE,TRUE,?,?,TRUE,?,?,TRUE,TRUE,?,?,TRUE,?,?,?,?,?,TRUE,FALSE,TRUE,?,TRUE,?,?,?,?,TRUE,?,TRUE,?,TRUE,TRUE,TRUE,?,TRUE,TRUE,TRUE,?,TRUE,?,?,?,TRUE,TRUE,?,TRUE,TRUE,?,UP
1563235200,TRUE,TRUE,TRUE,TRUE,?,?,TRUE,?,?,TRUE,TRUE,?,?,TRUE,?,?,?,?,?,TRUE,TRUE,TRUE,?,TRUE,?,?,?,TRUE,TRUE,?,TRUE,?,TRUE,TRUE,TRUE,?,TRUE,TRUE,TRUE,?,TRUE,?,?,?,TRUE,TRUE,?,TRUE,TRUE,?,UP
1563148800,TRUE,TRUE,TRUE,TRUE,?,?,TRUE,?,?,TRUE,TRUE,?,?,TRUE,?,?,?,?,?,TRUE,TRUE,TRUE,?,TRUE,?,?,?,?,TRUE,?,TRUE,?,TRUE,TRUE,TRUE,?,TRUE,TRUE,TRUE,?,TRUE,?,?,?,TRUE,TRUE,?,?,TRUE,?,DOWN
1563062400,TRUE,TRUE,TRUE,TRUE,?,TRUE,?,?,?,TRUE,TRUE,?,?,TRUE,?,?,?,?,?,?,TRUE,TRUE,?,TRUE,?,?,?,?,TRUE,?,TRUE,?,TRUE,TRUE,TRUE,?,TRUE,TRUE,TRUE,?,?,?,?,?,FALSE,TRUE,?,?,TRUE,?,UP
1562976000,TRUE,TRUE,TRUE,TRUE,?,TRUE,TRUE,?,?,TRUE,TRUE,?,?,TRUE,?,?,?,?,?,?,TRUE,TRUE,?,TRUE,?,?,?,?,TRUE,?,TRUE,?,TRUE,TRUE,TRUE,?,TRUE,TRUE,TRUE,?,?,?,?,?,TRUE,TRUE,?,?,TRUE,?,UP
1562889600,TRUE,TRUE,TRUE,TRUE,?,TRUE,TRUE,?,?,TRUE,TRUE,?,?,TRUE,?,?,?,?,?,?,TRUE,?,?,TRUE,?,?,?,?,TRUE,?,TRUE,?,TRUE,?,TRUE,?,TRUE,TRUE,?,?,?,?,?,?,TRUE,TRUE,?,?,TRUE,?,DOWN
1562803200,TRUE,TRUE,TRUE,TRUE,?,TRUE,TRUE,?,?,TRUE,TRUE,?,?,TRUE,?,?,TRUE,?,?,?,TRUE,?,?,TRUE,?,?,?,?,TRUE,?,TRUE,?,TRUE,?,TRUE,?,TRUE,TRUE,?,?,?,?,?,?,TRUE,TRUE,?,?,TRUE,?,UP
1562716800,TRUE,TRUE,TRUE,TRUE,?,TRUE,TRUE,?,?,TRUE,TRUE,?,?,TRUE,?,?,?,?,?,?,?,TRUE,?,TRUE,?,?,?,?,TRUE,?,?,?,TRUE,?,TRUE,?,TRUE,TRUE,?,?,?,?,?,?,TRUE,?,?,?,TRUE,?,-
1562630400,TRUE,TRUE,TRUE,TRUE,?,TRUE,TRUE,?,?,TRUE,TRUE,TRUE,?,TRUE,?,?,?,?,?,FALSE,?,TRUE,?,TRUE,?,?,?,?,TRUE,?,?,?,TRUE,?,TRUE,?,TRUE,TRUE,TRUE,?,?,?,?,?,TRUE,TRUE,?,?,TRUE,?,DOWN
1562544000,TRUE,TRUE,TRUE,TRUE,?,TRUE,TRUE,?,?,TRUE,TRUE,TRUE,?,TRUE,?,?,?,?,?,FALSE,?,TRUE,?,TRUE,?,?,?,?,TRUE,?,?,?,TRUE,?,TRUE,?,TRUE,TRUE,?,?,?,?,?,?,TRUE,TRUE,?,?,TRUE,?,DOWN
1562457600,TRUE,TRUE,TRUE,TRUE,?,TRUE,TRUE,?,?,TRUE,TRUE,TRUE,?,TRUE,?,?,?,?,?,FALSE,?,TRUE,?,TRUE,?,?,?,?,TRUE,?,?,?,TRUE,?,TRUE,?,TRUE,TRUE,TRUE,?,?,?,?,?,TRUE,TRUE,?,?,TRUE,?,UP
1562371200,TRUE,TRUE,TRUE,TRUE,?,TRUE,TRUE,?,?,TRUE,TRUE,TRUE,?,TRUE,?,?,?,?,?,FALSE,?,TRUE,?,TRUE,?,?,?,?,TRUE,?,?,?,TRUE,?,TRUE,?,TRUE,TRUE,TRUE,?,?,?,?,?,?,TRUE,?,?,TRUE,?,UP
1562284800,TRUE,TRUE,TRUE,TRUE,?,TRUE,TRUE,?,?,TRUE,TRUE,TRUE,?,TRUE,?,?,?,?,?,FALSE,?,TRUE,?,TRUE,?,?,?,?,TRUE,?,?,?,TRUE,?,TRUE,?,TRUE,TRUE,TRUE,?,?,?,?,?,?,TRUE,?,?,TRUE,?,-
1562198400,TRUE,TRUE,TRUE,TRUE,?,TRUE,TRUE,?,?,TRUE,TRUE,TRUE,?,TRUE,?,?,?,?,?,FALSE,?,?,?,TRUE,?,?,?,?,TRUE,?,?,?,TRUE,?,TRUE,?,TRUE,TRUE,?,?,?,?,?,?,?,TRUE,?,?,TRUE,?,DOWN
1562112000,TRUE,TRUE,TRUE,?,?,TRUE,TRUE,?,?,TRUE,TRUE,TRUE,TRUE,TRUE,?,?,?,?,?,FALSE,?,?,?,TRUE,?,?,?,FALSE,TRUE,?,TRUE,?,TRUE,?,TRUE,?,TRUE,TRUE,?,?,?,?,?,?,?,TRUE,?,?,TRUE,?,DOWN
1562025600,TRUE,FALSE,TRUE,?,?,TRUE,TRUE,?,?,TRUE,TRUE,TRUE,TRUE,TRUE,?,?,?,?,?,FALSE,?,?,?,TRUE,?,?,?,FALSE,TRUE,?,?,?,TRUE,?,TRUE,?,TRUE,TRUE,?,?,?,?,?,?,?,TRUE,?,?,TRUE,?,DOWN
1561939200,TRUE,FALSE,TRUE,?,?,TRUE,TRUE,?,?,TRUE,TRUE,TRUE,TRUE,TRUE,?,?,FALSE,?,?,FALSE,?,TRUE,?,?,?,?,?,?,TRUE,?,?,?,TRUE,?,TRUE,?,TRUE,TRUE,?,?,?,TRUE,?,?,?,TRUE,?,?,TRUE,?,DOWN
1561852800,TRUE,TRUE,TRUE,?,?,TRUE,?,?,?,TRUE,TRUE,TRUE,?,?,?,?,?,?,?,FALSE,?,?,?,?,?,?,?,?,TRUE,?,?,?,TRUE,?,TRUE,?,TRUE,TRUE,?,?,?,TRUE,?,?,?,TRUE,?,?,TRUE,?,DOWN
1561766400,TRUE,TRUE,TRUE,?,?,TRUE,TRUE,?,?,TRUE,TRUE,TRUE,?,?,?,?,?,?,?,FALSE,?,TRUE,?,?,?,?,?,?,TRUE,?,?,?,TRUE,?,TRUE,?,TRUE,TRUE,?,?,?,TRUE,?,?,?,TRUE,?,?,TRUE,?,DOWN
1561680000,TRUE,TRUE,TRUE,?,?,TRUE,TRUE,?,?,?,TRUE,TRUE,?,?,?,?,?,?,?,FALSE,?,TRUE,?,?,?,?,?,?,TRUE,?,?,?,?,?,TRUE,?,TRUE,TRUE,?,?,?,TRUE,?,?,?,TRUE,?,?,TRUE,?,DOWN
1561593600,?,FALSE,TRUE,?,?,TRUE,TRUE,?,?,?,TRUE,TRUE,?,?,?,?,?,?,?,FALSE,?,TRUE,?,?,?,?,?,TRUE,TRUE,?,?,?,?,?,TRUE,?,TRUE,TRUE,?,?,?,TRUE,?,?,?,?,?,?,TRUE,?,DOWN
1561507200,?,TRUE,TRUE,?,?,TRUE,TRUE,?,?,?,TRUE,?,TRUE,?,?,?,?,?,?,FALSE,?,TRUE,?,TRUE,?,?,?,FALSE,TRUE,?,?,?,?,?,TRUE,?,TRUE,TRUE,?,?,?,TRUE,?,?,?,?,?,?,?,?,DOWN
1561420800,?,TRUE,TRUE,?,?,TRUE,TRUE,?,?,?,TRUE,TRUE,TRUE,?,?,TRUE,?,?,?,FALSE,?,?,?,TRUE,?,?,?,?,TRUE,?,?,?,?,?,TRUE,?,TRUE,?,?,?,?,TRUE,?,?,?,?,?,?,?,?,DOWN
1561334400,?,TRUE,TRUE,?,?,TRUE,TRUE,?,?,?,TRUE,?,TRUE,?,?,TRUE,?,?,?,FALSE,?,?,?,?,?,?,?,?,TRUE,?,TRUE,?,?,?,TRUE,?,TRUE,?,?,?,?,TRUE,?,?,?,?,?,?,?,?,DOWN
1561248000,?,TRUE,TRUE,?,?,TRUE,FALSE,?,?,?,TRUE,?,TRUE,?,?,TRUE,?,?,?,FALSE,?,?,?,?,?,?,?,?,TRUE,?,TRUE,?,?,?,TRUE,?,TRUE,?,?,?,?,TRUE,?,?,?,?,?,?,?,?,DOWN
1561161600,?,TRUE,TRUE,?,?,TRUE,TRUE,?,?,?,TRUE,TRUE,TRUE,?,?,TRUE,?,?,?,FALSE,?,?,?,?,?,?,?,?,TRUE,?,TRUE,?,?,?,TRUE,?,TRUE,?,?,?,?,TRUE,?,?,?,?,?,?,?,?,DOWN
1561075200,?,TRUE,TRUE,?,?,TRUE,TRUE,?,?,?,TRUE,?,TRUE,?,?,TRUE,?,?,?,FALSE,?,?,?,?,?,?,?,?,TRUE,?,?,?,?,?,TRUE,?,TRUE,?,?,?,?,TRUE,?,?,?,?,?,?,?,?,UP
1560988800,?,TRUE,TRUE,?,?,TRUE,TRUE,?,?,?,TRUE,?,TRUE,?,?,TRUE,?,?,?,FALSE,?,?,?,?,?,?,?,?,TRUE,?,?,?,?,?,TRUE,?,TRUE,?,?,?,?,TRUE,?,?,?,?,?,?,?,?,UP
1560902400,?,FALSE,TRUE,?,?,TRUE,TRUE,?,?,?,TRUE,?,TRUE,?,TRUE,TRUE,?,?,?,FALSE,?,?,?,?,?,?,?,?,TRUE,?,?,?,?,?,TRUE,?,TRUE,?,?,?,?,TRUE,?,?,?,?,?,?,?,?,UP
1560816000,?,FALSE,TRUE,?,?,TRUE,TRUE,?,?,?,TRUE,?,TRUE,?,TRUE,TRUE,?,?,?,FALSE,?,?,?,?,?,?,?,?,TRUE,?,?,?,?,?,TRUE,?,TRUE,?,?,?,?,TRUE,?,?,?,?,?,?,?,?,UP
1560729600,?,TRUE,TRUE,?,?,TRUE,TRUE,?,?,?,TRUE,?,TRUE,?,TRUE,TRUE,?,?,?,FALSE,?,?,?,?,?,?,?,?,TRUE,?,?,?,?,?,TRUE,?,TRUE,?,?,?,?,TRUE,?,?,?,?,?,?,?,?,UP
1560643200,?,TRUE,TRUE,?,?,TRUE,TRUE,?,?,?,TRUE,TRUE,TRUE,?,TRUE,TRUE,?,?,?,FALSE,?,?,?,?,?,?,?,?,TRUE,?,?,?,?,?,TRUE,?,TRUE,?,?,?,?,TRUE,?,?,?,?,?,?,?,?,UP
1560470400,?,TRUE,?,?,?,TRUE,TRUE,?,?,?,TRUE,TRUE,TRUE,?,TRUE,TRUE,TRUE,?,?,FALSE,?,?,?,?,?,?,?,?,TRUE,?,?,?,?,?,TRUE,?,TRUE,?,?,?,?,TRUE,?,?,?,?,?,?,?,?,UP
1560384000,?,TRUE,?,?,?,TRUE,TRUE,?,?,?,TRUE,TRUE,TRUE,?,TRUE,TRUE,TRUE,?,?,FALSE,?,?,?,?,?,?,?,?,TRUE,?,?,?,?,?,TRUE,?,TRUE,?,?,?,?,TRUE,?,?,?,?,?,?,?,?,UP
1560297600,?,TRUE,?,?,?,TRUE,TRUE,?,?,?,TRUE,TRUE,TRUE,?,TRUE,TRUE,TRUE,?,?,TRUE,?,?,?,?,?,?,?,?,TRUE,?,?,?,?,?,TRUE,?,TRUE,?,?,?,?,TRUE,?,?,?,?,?,?,?,?,UP
1560211200,?,TRUE,?,?,?,TRUE,TRUE,?,?,?,TRUE,TRUE,TRUE,?,TRUE,TRUE,TRUE,?,?,TRUE,?,?,?,?,?,?,?,?,TRUE,?,?,?,?,?,TRUE,?,TRUE,?,?,?,?,TRUE,?,?,?,?,?,?,?,?,UP
1560124800,?,TRUE,?,?,?,TRUE,TRUE,?,?,?,TRUE,TRUE,TRUE,?,TRUE,TRUE,TRUE,?,?,TRUE,?,?,?,?,?,?,?,?,TRUE,?,?,?,?,?,TRUE,?,TRUE,?,?,?,?,TRUE,?,?,?,?,?,?,?,?,UP
1560038400,?,TRUE,?,?,?,TRUE,TRUE,?,?,?,TRUE,TRUE,TRUE,?,TRUE,TRUE,TRUE,?,?,TRUE,?,?,?,?,?,?,?,?,TRUE,?,?,?,?,FALSE,TRUE,?,TRUE,?,?,?,?,TRUE,?,?,?,?,?,?,?,?,UP
1559865600,?,TRUE,?,?,?,TRUE,TRUE,?,?,?,TRUE,TRUE,TRUE,?,TRUE,TRUE,TRUE,?,?,TRUE,?,?,?,?,?,?,?,?,TRUE,?,?,?,?,?,TRUE,?,TRUE,?,?,?,?,TRUE,?,?,?,?,?,?,?,?,UP
1559779200,?,FALSE,?,?,?,TRUE,TRUE,?,?,?,TRUE,TRUE,TRUE,?,TRUE,TRUE,TRUE,?,?,TRUE,?,?,?,?,?,?,?,?,TRUE,?,?,?,?,?,TRUE,?,TRUE,?,?,?,?,TRUE,?,?,?,?,?,?,?,?,UP
1559692800,?,TRUE,?,?,?,TRUE,TRUE,?,?,?,TRUE,TRUE,TRUE,?,TRUE,TRUE,TRUE,?,?,TRUE,?,?,?,?,?,?,?,?,TRUE,?,?,?,?,?,TRUE,?,TRUE,?,?,?,?,TRUE,?,?,?,?,?,?,?,?,UP
1559606400,?,TRUE,?,?,?,TRUE,TRUE,?,?,?,TRUE,TRUE,TRUE,?,TRUE,TRUE,TRUE,?,?,TRUE,?,?,?,?,?,?,?,?,TRUE,?,?,?,?,?,TRUE,?,TRUE,?,?,?,?,TRUE,?,?,?,?,?,?,?,?,UP
1559520000,?,?,?,?,?,TRUE,TRUE,?,?,?,TRUE,TRUE,?,?,TRUE,TRUE,?,?,?,TRUE,?,?,?,TRUE,?,?,?,?,TRUE,?,?,?,?,?,TRUE,?,TRUE,?,?,?,?,TRUE,?,?,?,?,?,?,?,?,UP
1559433600,?,?,?,?,?,TRUE,TRUE,?,?,?,TRUE,TRUE,?,?,TRUE,TRUE,?,?,?,TRUE,?,?,?,TRUE,?,?,?,?,TRUE,?,?,?,?,?,TRUE,?,TRUE,?,?,?,?,TRUE,?,?,?,?,?,?,?,?,UP
1559347200,?,?,?,?,?,TRUE,TRUE,?,?,?,TRUE,TRUE,?,?,TRUE,TRUE,?,?,?,TRUE,?,?,?,TRUE,?,?,?,?,TRUE,?,?,?,?,?,TRUE,?,TRUE,?,?,?,?,TRUE,?,?,?,?,?,?,?,?,UP
1559260800,?,?,?,?,?,TRUE,TRUE,?,?,?,TRUE,TRUE,?,?,?,TRUE,?,?,?,TRUE,?,?,?,TRUE,?,?,?,?,TRUE,?,?,?,?,?,TRUE,?,TRUE,?,?,?,?,TRUE,?,?,?,?,?,?,?,?,UP
1559174400,?,?,?,?,?,TRUE,TRUE,?,?,?,TRUE,TRUE,?,?,?,TRUE,?,?,?,TRUE,?,?,?,TRUE,?,?,?,?,TRUE,?,?,?,?,?,TRUE,?,TRUE,?,?,?,?,TRUE,?,?,?,?,?,?,?,?,UP
1559088000,?,?,?,?,?,TRUE,TRUE,?,?,?,TRUE,TRUE,?,?,?,TRUE,?,?,?,TRUE,?,?,?,TRUE,?,?,?,?,TRUE,?,?,?,?,?,TRUE,?,?,?,?,?,?,TRUE,?,?,?,?,?,?,?,?,UP
1559001600,?,TRUE,?,?,?,TRUE,TRUE,?,?,?,TRUE,TRUE,?,?,?,TRUE,?,?,?,TRUE,?,?,?,TRUE,?,?,?,?,TRUE,?,?,?,?,?,TRUE,?,?,?,?,?,?,TRUE,?,?,?,?,?,?,?,?,UP
1558915200,?,?,?,?,?,TRUE,TRUE,?,?,?,TRUE,?,?,?,?,TRUE,?,?,?,TRUE,?,?,?,FALSE,?,?,?,?,TRUE,?,?,?,?,?,TRUE,?,?,?,?,?,?,TRUE,?,?,?,?,?,?,?,?,UP
1558828800,?,?,?,?,?,TRUE,TRUE,?,?,?,TRUE,?,?,?,?,TRUE,?,?,?,TRUE,?,?,?,TRUE,?,?,?,?,TRUE,?,?,?,?,?,TRUE,?,?,?,?,?,?,TRUE,?,?,?,?,?,?,?,?,UP
1558656000,?,?,?,?,?,TRUE,TRUE,?,?,?,TRUE,?,?,?,?,TRUE,?,?,?,TRUE,?,?,?,TRUE,?,?,?,?,TRUE,?,?,?,?,?,TRUE,?,?,?,?,?,?,TRUE,?,?,?,?,?,?,?,?,UP
1558569600,?,?,?,?,?,TRUE,TRUE,?,?,?,TRUE,?,?,?,TRUE,TRUE,?,?,?,TRUE,?,?,?,TRUE,?,?,?,?,TRUE,?,?,?,?,?,TRUE,?,?,?,?,?,?,TRUE,?,?,?,?,?,?,?,?,UP
1558483200,?,?,?,?,?,TRUE,TRUE,?,?,?,TRUE,?,?,?,TRUE,TRUE,?,?,?,TRUE,?,?,?,TRUE,?,?,?,?,TRUE,?,?,?,TRUE,?,TRUE,?,?,?,?,?,?,TRUE,?,?,?,?,?,?,?,?,UP
1558396800,?,?,?,?,?,TRUE,?,?,?,?,TRUE,?,TRUE,?,?,TRUE,?,?,?,TRUE,?,?,?,TRUE,?,?,?,?,TRUE,?,?,?,TRUE,?,TRUE,?,?,?,?,?,?,TRUE,?,?,?,?,?,?,?,?,UP
1558310400,?,?,?,?,?,TRUE,?,?,?,?,TRUE,?,TRUE,?,?,TRUE,?,?,?,TRUE,?,?,?,TRUE,?,?,?,?,TRUE,?,?,?,TRUE,?,TRUE,?,?,?,?,?,?,TRUE,?,?,?,?,?,?,?,?,UP
1558224000,?,?,?,?,?,TRUE,TRUE,?,?,?,TRUE,?,TRUE,?,?,TRUE,?,?,?,TRUE,?,?,?,TRUE,?,?,?,?,TRUE,?,?,?,TRUE,?,TRUE,?,?,?,?,?,?,TRUE,?,?,?,?,?,?,?,?,UP
1558137600,?,?,?,?,?,TRUE,TRUE,?,?,?,TRUE,?,TRUE,?,?,TRUE,?,?,?,TRUE,?,?,?,TRUE,?,?,?,?,TRUE,?,?,?,TRUE,?,TRUE,?,?,?,?,?,?,TRUE,?,?,?,?,?,?,?,?,UP
1558051200,?,?,?,?,?,TRUE,TRUE,?,?,?,TRUE,?,TRUE,?,?,TRUE,?,?,?,TRUE,?,?,?,TRUE,?,?,?,?,TRUE,?,?,?,TRUE,?,TRUE,?,?,?,?,?,?,TRUE,?,?,?,?,?,?,?,?,UP
1557964800,?,?,?,?,?,TRUE,TRUE,?,?,?,TRUE,?,TRUE,?,?,TRUE,?,?,?,TRUE,?,?,?,TRUE,?,?,?,?,TRUE,?,?,?,TRUE,?,TRUE,?,?,?,?,?,?,TRUE,?,?,?,?,?,?,?,?,UP
1557878400,?,?,?,?,?,TRUE,TRUE,?,?,?,TRUE,?,?,?,?,TRUE,?,?,?,TRUE,?,TRUE,?,TRUE,?,?,?,?,TRUE,?,?,?,TRUE,?,TRUE,?,?,?,?,?,?,TRUE,?,?,?,?,?,?,?,?,UP
1557792000,?,?,?,?,?,TRUE,?,?,?,?,TRUE,?,?,?,?,TRUE,?,?,?,TRUE,?,TRUE,?,TRUE,?,?,?,?,TRUE,?,?,?,TRUE,?,TRUE,?,?,?,?,?,?,TRUE,?,?,?,?,?,?,?,?,UP
1557705600,?,?,?,?,?,TRUE,?,?,?,?,TRUE,?,?,?,TRUE,TRUE,?,?,?,TRUE,?,TRUE,?,TRUE,?,?,?,?,TRUE,?,?,?,TRUE,?,TRUE,?,?,?,?,?,?,TRUE,?,?,?,?,?,?,?,?,UP
1557619200,?,?,?,?,?,TRUE,?,?,?,?,TRUE,?,?,?,TRUE,TRUE,?,?,?,?,?,TRUE,?,TRUE,?,?,?,?,TRUE,?,?,?,TRUE,?,TRUE,?,?,?,?,?,?,TRUE,?,?,?,?,?,?,?,?,UP
1557532800,?,?,?,?,?,TRUE,?,?,?,?,TRUE,?,?,?,TRUE,TRUE,?,?,?,?,?,TRUE,?,TRUE,?,?,?,?,TRUE,?,?,?,TRUE,?,TRUE,?,?,?,?,?,?,TRUE,?,?,?,?,?,?,?,?,UP
1557446400,?,?,?,?,?,TRUE,?,?,?,?,TRUE,?,?,?,TRUE,?,?,?,?,?,?,TRUE,?,TRUE,?,?,?,?,?,?,?,?,TRUE,?,TRUE,?,?,?,?,?,?,TRUE,?,?,?,?,?,?,?,?,UP
1557360000,?,?,?,?,?,TRUE,?,?,?,?,TRUE,?,?,?,TRUE,?,?,?,?,?,?,?,?,TRUE,?,?,?,?,?,?,?,?,TRUE,?,TRUE,?,?,?,?,?,?,TRUE,?,?,?,?,?,?,?,?,UP
1557273600,?,?,?,?,?,TRUE,?,?,?,?,TRUE,?,?,?,TRUE,?,?,?,?,?,?,?,?,TRUE,?,?,?,?,?,?,?,?,TRUE,?,TRUE,?,?,?,?,?,?,TRUE,?,?,?,?,?,?,?,?,UP
1557187200,?,?,?,?,?,TRUE,?,?,?,?,TRUE,?,?,?,TRUE,?,?,?,?,?,?,?,?,TRUE,?,?,?,?,?,?,?,?,TRUE,?,TRUE,?,?,?,?,?,?,TRUE,?,?,?,?,?,?,?,?,UP
1557100800,?,?,?,?,?,TRUE,?,?,?,?,TRUE,?,?,?,TRUE,?,?,?,?,?,?,?,?,TRUE,?,?,?,?,?,?,?,?,TRUE,?,TRUE,?,?,?,?,?,?,TRUE,?,?,?,?,?,?,?,?,UP
1557014400,?,?,?,?,?,TRUE,?,?,?,?,TRUE,?,?,?,?,?,?,?,?,?,?,?,?,TRUE,?,?,?,?,?,?,?,?,TRUE,?,TRUE,?,?,?,?,?,?,TRUE,?,?,?,?,?,?,?,?,UP
1556928000,?,?,?,?,?,TRUE,?,?,?,?,TRUE,?,?,?,?,?,?,?,?,?,?,?,?,TRUE,?,?,?,?,?,?,?,?,TRUE,?,TRUE,?,?,?,?,?,?,TRUE,?,?,?,?,?,?,?,?,UP
1556841600,?,?,?,?,?,TRUE,?,?,?,?,TRUE,?,?,?,?,?,?,?,?,?,?,?,?,TRUE,?,?,?,?,?,?,?,?,TRUE,?,TRUE,?,?,?,?,?,?,TRUE,?,?,?,?,?,?,?,?,UP
1556755200,?,?,?,?,?,TRUE,?,?,?,?,TRUE,?,?,?,?,?,?,?,?,?,?,?,?,TRUE,?,?,?,?,?,TRUE,?,?,TRUE,?,TRUE,?,?,?,?,?,?,TRUE,?,?,?,?,?,?,?,?,UP
1556668800,?,?,?,?,?,TRUE,?,?,?,?,TRUE,?,?,?,?,?,?,?,?,TRUE,?,?,?,TRUE,?,?,?,?,?,TRUE,?,?,TRUE,?,TRUE,?,?,?,?,?,?,TRUE,?,?,?,?,?,?,?,?,UP
1556582400,?,?,?,?,?,TRUE,?,?,?,?,TRUE,?,?,?,?,?,?,?,?,TRUE,?,?,?,TRUE,?,?,?,?,?,TRUE,?,?,TRUE,?,TRUE,?,?,?,?,?,?,TRUE,?,?,?,?,?,?,?,?,UP
1556496000,?,?,?,?,?,TRUE,?,?,?,?,TRUE,?,?,?,TRUE,?,?,?,?,TRUE,?,?,?,TRUE,?,?,?,?,?,TRUE,?,?,TRUE,?,TRUE,?,?,?,?,?,?,TRUE,?,?,?,?,?,?,?,?,UP
1556236800,?,?,?,?,?,TRUE,?,?,?,?,TRUE,?,?,?,?,?,?,?,?,TRUE,?,?,?,TRUE,?,?,?,?,?,TRUE,?,?,TRUE,?,TRUE,?,?,?,?,?,?,TRUE,?,?,?,?,?,?,?,?,UP
1556150400,?,?,?,?,?,TRUE,?,?,?,?,TRUE,?,?,?,?,?,?,?,?,TRUE,?,?,?,TRUE,?,?,?,?,?,TRUE,?,?,TRUE,?,TRUE,?,?,?,?,?,?,TRUE,?,?,?,?,?,?,?,?,UP
1556064000,?,?,?,?,?,TRUE,?,?,?,?,TRUE,?,?,?,?,?,?,?,?,TRUE,?,?,?,TRUE,?,?,?,?,?,TRUE,?,?,TRUE,?,TRUE,?,?,?,?,?,?,TRUE,?,?,?,?,?,?,?,?,UP
1555977600,?,?,?,?,?,TRUE,?,?,?,?,TRUE,?,?,?,TRUE,?,?,?,?,TRUE,?,?,?,TRUE,?,?,?,?,?,TRUE,?,?,TRUE,?,TRUE,?,?,?,?,?,?,TRUE,?,?,?,?,?,?,?,?,UP
1555891200,?,?,?,?,?,TRUE,?,?,?,?,TRUE,?,?,?,TRUE,?,?,?,?,TRUE,?,?,?,TRUE,?,?,?,?,?,?,?,?,TRUE,?,TRUE,?,?,?,?,?,?,TRUE,?,?,?,?,?,?,?,?,UP
1555804800,?,?,?,?,?,TRUE,?,?,?,?,TRUE,?,?,?,?,?,?,?,?,TRUE,?,?,?,TRUE,?,?,?,?,?,?,?,?,TRUE,?,TRUE,?,?,?,?,?,?,TRUE,?,?,?,?,?,?,?,?,UP
1555718400,?,?,?,?,?,TRUE,?,?,?,?,TRUE,?,?,?,?,?,?,?,?,TRUE,?,?,?,TRUE,?,?,?,?,?,?,?,?,TRUE,?,TRUE,?,?,?,?,?,?,TRUE,?,?,?,?,?,?,?,?,UP
1555632000,?,?,?,?,?,TRUE,?,?,?,?,TRUE,?,?,?,?,?,?,?,?,TRUE,?,?,?,TRUE,?,?,?,?,?,TRUE,?,?,TRUE,?,TRUE,?,?,?,?,?,?,TRUE,?,?,?,?,?,?,?,?,UP
1555545600,?,?,?,?,?,TRUE,?,?,?,?,TRUE,?,?,?,?,?,?,?,?,TRUE,?,?,?,TRUE,?,?,?,?,?,TRUE,?,?,TRUE,?,TRUE,?,?,?,?,?,?,TRUE,?,?,?,?,?,?,?,?,UP
1555459200,?,?,?,?,?,TRUE,?,?,?,?,TRUE,?,?,?,?,?,?,?,?,TRUE,?,?,?,TRUE,?,?,?,?,?,TRUE,?,?,TRUE,?,TRUE,?,?,?,?,?,?,TRUE,?,?,?,?,?,?,?,?,UP
1555372800,?,?,?,?,?,TRUE,?,?,?,?,TRUE,?,?,?,?,?,?,?,?,TRUE,?,?,?,TRUE,?,?,?,?,?,TRUE,?,?,TRUE,?,TRUE,?,?,?,?,?,?,TRUE,?,?,?,?,?,?,?,?,UP
1555286400,?,?,?,?,?,TRUE,?,?,?,?,TRUE,?,?,?,?,?,?,?,?,TRUE,?,?,?,TRUE,?,?,?,?,?,TRUE,?,?,TRUE,?,TRUE,?,?,?,?,?,?,TRUE,?,?,?,?,?,?,?,?,UP
1555200000,?,?,?,?,?,TRUE,?,?,?,?,TRUE,?,?,?,?,?,?,?,?,TRUE,?,?,?,TRUE,?,?,?,?,?,?,?,?,TRUE,?,TRUE,?,?,?,?,?,?,TRUE,?,?,?,?,?,?,?,?,UP
1555113600,?,?,?,?,?,TRUE,?,?,?,?,TRUE,?,?,?,?,?,?,?,?,TRUE,?,?,?,TRUE,?,?,?,?,?,TRUE,?,?,TRUE,?,TRUE,?,?,?,?,?,?,TRUE,?,?,?,?,?,?,?,?,UP
1555027200,?,?,?,?,?,TRUE,?,?,?,?,TRUE,?,?,?,?,?,?,?,?,TRUE,?,?,?,TRUE,?,?,?,?,?,TRUE,?,?,TRUE,?,TRUE,?,?,?,?,?,?,TRUE,?,?,?,?,?,?,?,?,UP
1554940800,?,?,?,?,?,TRUE,?,?,?,?,TRUE,?,?,?,?,?,?,?,?,TRUE,?,TRUE,?,TRUE,?,?,?,?,?,TRUE,?,?,TRUE,?,TRUE,?,?,?,?,?,?,TRUE,?,?,?,?,?,?,?,?,UP
1554854400,?,?,?,?,?,TRUE,?,?,?,?,TRUE,?,?,?,?,?,?,?,?,TRUE,?,TRUE,?,TRUE,?,?,?,?,?,?,?,?,TRUE,?,TRUE,?,?,?,?,?,?,TRUE,?,?,?,?,?,?,?,?,UP
1554768000,?,?,?,?,?,TRUE,?,?,?,?,TRUE,?,?,?,?,?,?,?,?,TRUE,?,TRUE,?,TRUE,?,?,?,?,?,TRUE,?,?,TRUE,?,TRUE,?,?,?,?,?,?,TRUE,?,?,?,?,?,?,?,?,UP
1554681600,?,?,?,?,?,TRUE,?,?,?,?,TRUE,?,?,?,?,?,?,?,?,TRUE,?,?,?,TRUE,?,?,?,?,?,?,?,?,TRUE,?,TRUE,?,?,?,?,?,?,TRUE,?,?,?,?,?,?,?,?,UP
1554595200,?,?,?,?,?,TRUE,?,?,?,?,TRUE,?,?,?,?,?,?,?,?,TRUE,?,?,?,TRUE,?,?,?,?,TRUE,?,?,?,TRUE,?,TRUE,?,?,?,?,?,?,TRUE,?,?,?,?,?,?,?,?,UP
1554508800,?,?,?,?,?,TRUE,?,?,?,?,TRUE,?,?,?,?,?,?,?,?,TRUE,?,?,?,TRUE,?,?,?,?,TRUE,?,?,?,TRUE,?,TRUE,?,?,?,?,?,?,TRUE,?,?,?,?,?,?,?,?,UP
1554422400,?,?,?,?,?,TRUE,?,?,?,?,TRUE,?,?,?,?,?,?,?,?,TRUE,?,?,?,TRUE,?,?,?,?,TRUE,?,?,?,TRUE,?,TRUE,?,?,?,?,?,?,TRUE,?,?,?,?,?,?,?,?,UP
1554336000,?,?,?,?,?,TRUE,?,?,?,?,TRUE,?,TRUE,?,?,?,?,?,?,TRUE,?,?,?,TRUE,?,?,?,?,TRUE,?,?,?,TRUE,?,TRUE,?,?,?,?,?,?,TRUE,?,?,?,?,?,?,?,?,UP
1554249600,?,?,?,?,?,TRUE,?,?,?,?,TRUE,?,TRUE,?,?,?,?,?,?,?,?,?,?,TRUE,?,?,?,?,TRUE,?,?,?,TRUE,?,TRUE,?,?,?,?,?,?,TRUE,?,?,?,?,?,?,?,?,UP
1554163200,?,?,?,?,?,TRUE,?,?,?,?,TRUE,?,TRUE,?,?,?,?,?,?,?,?,?,?,TRUE,?,?,?,?,?,?,?,?,TRUE,?,TRUE,?,?,?,?,?,?,TRUE,?,?,?,?,?,?,?,?,UP
1554076800,?,?,?,?,?,TRUE,?,?,?,?,TRUE,?,?,?,?,?,?,?,?,?,?,?,?,TRUE,?,?,?,?,?,?,?,?,TRUE,?,TRUE,?,?,?,?,?,?,TRUE,?,?,?,?,?,?,?,?,UP
1553990400,?,?,?,?,?,TRUE,?,?,?,?,TRUE,?,?,?,?,?,?,?,?,?,?,?,?,TRUE,?,?,?,?,?,?,?,?,TRUE,?,TRUE,?,?,?,?,?,?,?,?,?,?,?,?,?,?,?,UP
1553817600,?,?,?,?,?,TRUE,?,?,?,?,TRUE,?,?,?,?,?,?,?,?,?,?,?,?,TRUE,?,?,?,?,?,?,?,?,TRUE,?,TRUE,?,?,?,?,?,?,?,?,?,?,?,?,?,?,?,UP
1553731200,?,?,?,?,?,TRUE,?,?,?,?,TRUE,?,?,?,?,?,?,?,?,?,?,?,?,TRUE,?,?,?,?,?,?,?,?,TRUE,?,TRUE,?,?,?,?,?,?,?,?,?,?,?,?,?,?,?,UP
1553644800,?,?,?,?,?,TRUE,?,?,?,?,TRUE,?,?,?,?,?,?,?,?,?,?,?,?,TRUE,?,?,?,?,?,?,?,?,TRUE,?,TRUE,?,?,?,?,?,?,?,?,?,?,?,?,?,?,?,UP
1553558400,?,?,?,?,?,TRUE,?,?,?,?,TRUE,?,?,?,?,?,?,?,?,?,?,?,?,TRUE,?,?,?,?,?,?,?,?,TRUE,?,TRUE,?,?,?,?,?,?,?,TRUE,?,?,?,?,?,?,?,UP
1553472000,?,?,?,?,?,TRUE,?,?,?,?,TRUE,?,?,?,?,?,?,?,?,?,?,?,?,TRUE,?,?,?,?,?,?,?,?,TRUE,?,TRUE,?,?,?,?,?,?,?,TRUE,?,?,?,?,?,?,?,UP
1553385600,?,?,?,?,?,TRUE,?,?,?,?,TRUE,?,?,?,?,?,?,?,?,?,?,?,?,TRUE,?,?,?,?,?,?,?,?,TRUE,?,TRUE,?,?,?,?,?,?,?,TRUE,?,?,?,?,?,?,?,UP
1553299200,?,?,?,?,?,TRUE,?,?,?,?,TRUE,?,?,?,?,?,?,?,?,?,?,?,?,TRUE,?,?,?,?,?,?,?,?,TRUE,?,TRUE,?,?,?,?,?,?,?,TRUE,?,?,?,?,?,?,?,UP
1553212800,?,?,?,?,?,TRUE,?,?,?,?,TRUE,?,?,?,?,?,?,?,?,?,?,?,?,TRUE,?,?,?,?,?,?,?,?,TRUE,?,TRUE,?,?,?,?,?,?,?,TRUE,?,?,?,?,?,?,?,UP
1553126400,?,?,?,?,?,TRUE,?,?,?,?,TRUE,?,?,?,?,?,?,?,?,?,?,?,?,TRUE,?,?,?,?,?,?,?,?,TRUE,?,TRUE,?,?,?,?,?,?,?,TRUE,?,?,?,?,?,?,?,UP
1553040000,?,?,?,?,?,TRUE,?,?,?,?,TRUE,?,?,?,?,?,?,?,?,?,?,?,?,TRUE,?,?,?,?,?,?,?,?,TRUE,?,TRUE,?,?,?,?,?,?,?,TRUE,?,?,?,?,?,?,?,UP
1552953600,?,?,?,?,?,TRUE,?,?,?,?,TRUE,?,?,?,?,?,?,?,?,?,?,?,?,TRUE,?,?,?,?,?,?,?,?,TRUE,?,TRUE,?,?,?,?,?,?,?,TRUE,?,?,?,?,?,?,?,UP
1552867200,?,?,?,?,?,TRUE,?,?,?,?,TRUE,?,?,?,?,?,?,?,?,?,?,?,?,TRUE,?,?,?,?,?,?,?,?,TRUE,?,TRUE,?,?,?,?,?,?,?,TRUE,?,?,?,?,?,?,?,UP
1552780800,?,?,?,?,?,TRUE,?,?,?,?,TRUE,?,?,?,?,?,?,?,?,?,?,?,?,TRUE,?,?,?,?,?,?,?,?,TRUE,?,TRUE,?,?,?,?,?,?,?,TRUE,?,?,?,?,?,?,?,UP
1552694400,?,?,?,?,?,TRUE,?,?,?,?,TRUE,?,?,?,?,?,?,?,?,?,?,?,?,TRUE,?,?,?,?,?,?,?,?,TRUE,?,TRUE,?,?,?,?,?,?,?,TRUE,?,?,?,?,?,?,?,UP
1552608000,?,?,?,?,?,TRUE,?,?,?,?,TRUE,?,?,?,?,?,?,?,?,?,?,?,?,TRUE,?,?,?,?,?,?,?,?,TRUE,?,TRUE,?,?,?,?,?,?,?,TRUE,?,?,?,?,?,?,?,UP
1552521600,?,?,?,?,?,TRUE,?,?,?,?,TRUE,?,?,?,?,?,?,?,?,?,?,?,?,TRUE,?,?,?,?,?,?,?,?,TRUE,?,TRUE,?,?,?,?,?,?,?,TRUE,?,?,?,?,?,?,?,UP
1552435200,?,?,?,?,?,TRUE,?,?,?,?,TRUE,?,?,?,?,?,?,?,?,?,?,?,?,TRUE,?,?,?,?,?,?,?,?,TRUE,?,TRUE,?,?,?,?,?,?,?,TRUE,?,?,?,?,?,?,?,UP
1552348800,?,?,?,?,?,TRUE,?,?,?,?,TRUE,?,?,?,?,?,?,?,?,?,?,?,?,TRUE,?,?,?,?,?,?,?,?,TRUE,?,TRUE,?,?,?,?,?,?,?,TRUE,?,?,?,?,?,?,?,UP
1552262400,?,?,?,?,?,TRUE,?,?,?,?,TRUE,?,?,?,?,?,?,?,?,?,?,?,?,TRUE,?,?,?,?,?,?,?,?,TRUE,?,?,?,?,?,?,?,?,?,TRUE,?,?,?,?,?,?,?,UP
1552176000,?,?,?,?,?,TRUE,?,?,?,?,TRUE,?,?,?,?,?,?,?,?,?,?,?,?,TRUE,?,?,?,?,?,?,?,?,TRUE,?,?,?,?,?,?,?,?,?,TRUE,?,?,?,?,?,?,?,UP
1552003200,?,?,?,?,?,TRUE,?,?,?,?,TRUE,?,?,?,?,?,?,?,?,?,?,?,?,TRUE,?,?,?,?,?,?,?,?,TRUE,?,?,?,?,?,?,?,?,?,TRUE,?,?,?,?,?,?,?,UP
1551916800,?,?,?,?,?,TRUE,?,?,?,?,TRUE,?,?,?,?,?,?,?,?,?,?,?,?,TRUE,?,?,?,?,?,?,?,?,TRUE,?,?,?,?,?,?,?,?,?,TRUE,?,?,?,?,?,?,?,UP
1551830400,?,?,?,?,?,TRUE,?,?,?,?,TRUE,?,?,?,?,?,?,?,?,?,?,?,?,TRUE,?,?,?,?,?,?,?,?,TRUE,?,?,?,?,?,?,?,?,?,TRUE,?,?,?,?,?,?,?,UP
1551744000,?,?,?,?,?,TRUE,?,?,?,?,TRUE,?,?,?,?,?,?,?,?,?,?,?,?,TRUE,?,?,?,?,?,?,?,?,TRUE,?,?,?,?,?,?,?,?,?,TRUE,?,?,?,?,?,?,?,UP
1551657600,?,?,?,?,?,TRUE,?,?,?,?,TRUE,?,?,?,?,?,?,?,?,?,?,?,?,TRUE,?,?,?,?,?,?,?,?,TRUE,?,?,?,?,?,?,?,?,?,TRUE,?,?,?,?,?,?,?,UP
1551571200,?,?,?,?,?,TRUE,?,?,?,?,TRUE,?,?,?,?,?,?,?,?,?,?,?,?,TRUE,?,?,?,?,?,?,?,?,TRUE,?,?,?,?,?,?,?,?,?,TRUE,?,?,?,?,?,?,?,UP
1551398400,?,?,?,?,?,TRUE,?,?,?,?,TRUE,?,?,?,?,?,?,?,?,?,?,?,?,TRUE,?,?,?,?,?,?,?,?,TRUE,?,?,?,?,?,?,?,?,?,TRUE,?,?,?,?,?,?,?,UP
1551312000,?,?,?,?,?,TRUE,?,?,?,?,TRUE,?,?,?,?,?,?,?,?,?,?,?,?,TRUE,?,?,?,?,?,?,?,?,?,?,?,?,?,?,?,?,?,?,TRUE,?,?,?,?,?,?,?,UP
1551225600,?,?,?,?,?,TRUE,?,?,?,?,TRUE,?,?,?,?,?,?,?,?,?,?,?,?,TRUE,?,?,?,?,?,?,?,?,?,?,?,?,?,?,?,?,?,?,TRUE,?,?,?,?,?,?,?,UP
1551139200,?,?,?,?,?,TRUE,?,?,?,?,TRUE,?,?,?,?,?,?,?,?,?,?,?,?,TRUE,?,?,?,?,?,?,?,?,?,?,?,?,?,?,?,?,?,?,TRUE,?,?,?,?,?,?,?,UP
1551052800,?,?,?,?,?,TRUE,?,?,?,?,TRUE,?,?,?,?,?,?,?,?,?,?,?,?,TRUE,?,?,?,?,?,?,?,?,?,?,?,?,?,?,?,?,?,?,TRUE,?,?,?,?,?,?,?,UP
1550966400,?,?,?,?,?,TRUE,?,?,?,?,TRUE,?,?,?,?,?,?,?,?,?,?,?,?,TRUE,?,?,?,?,?,?,?,?,?,?,?,?,?,?,?,?,?,?,TRUE,?,?,?,?,?,?,?,UP
1550880000,?,?,?,?,?,TRUE,?,?,?,?,TRUE,?,?,?,?,?,?,?,?,?,?,?,?,TRUE,?,?,?,?,?,?,?,?,?,?,?,?,?,?,?,?,?,?,TRUE,?,?,?,?,?,?,?,DOWN
1550793600,?,?,?,?,?,TRUE,?,?,?,?,TRUE,?,?,?,?,?,?,?,?,?,?,?,?,TRUE,?,?,?,?,?,?,?,?,?,?,?,?,?,?,?,?,?,?,TRUE,?,?,?,?,?,?,?,-
1550707200,?,?,?,?,?,TRUE,?,?,?,?,TRUE,?,?,?,?,?,?,?,?,?,?,?,?,TRUE,?,?,?,?,?,?,?,?,?,?,?,?,?,?,?,?,?,?,?,?,?,?,?,?,?,?,UP
1550620800,?,?,?,?,?,TRUE,?,?,?,?,TRUE,?,?,?,?,?,?,?,?,?,?,?,?,TRUE,?,?,?,?,?,?,?,?,?,?,?,?,?,?,?,?,?,?,?,?,?,?,?,?,?,?,UP
1550534400,?,?,?,?,?,TRUE,?,?,?,?,TRUE,?,?,?,?,?,?,?,?,?,?,?,?,TRUE,?,?,?,?,?,?,?,?,?,?,?,?,?,?,?,?,?,?,?,?,?,?,?,?,?,?,UP
1550448000,?,?,?,?,?,TRUE,?,?,?,?,TRUE,?,?,?,?,?,?,?,?,?,?,?,?,TRUE,?,?,?,?,?,?,?,?,?,?,?,?,?,?,?,?,?,?,?,?,?,?,?,?,?,?,UP
1550275200,?,?,?,?,?,TRUE,?,?,?,?,TRUE,?,?,?,?,?,?,?,?,?,?,?,?,TRUE,?,?,?,?,?,?,?,?,?,?,?,?,?,?,?,?,?,?,?,?,?,?,?,?,?,?,UP
1550188800,?,?,?,?,?,TRUE,?,?,?,?,TRUE,?,?,?,?,?,?,?,?,?,?,?,?,TRUE,?,?,?,?,?,?,?,?,?,?,?,?,?,?,?,?,?,?,?,?,?,?,?,?,?,?,UP
1550102400,?,?,?,?,?,TRUE,?,?,?,?,TRUE,?,?,?,?,?,?,?,?,?,?,?,?,TRUE,?,?,?,?,?,?,?,?,?,?,?,?,?,?,?,?,?,?,?,?,?,?,?,?,?,?,UP
1550016000,?,?,?,?,?,TRUE,?,?,?,?,TRUE,?,?,?,?,?,?,?,?,?,?,?,?,TRUE,?,?,?,?,?,?,?,?,?,?,?,?,?,?,?,?,?,?,?,?,?,?,?,?,?,?,UP
1549929600,?,?,?,?,?,TRUE,?,?,?,?,TRUE,?,?,?,?,?,?,?,?,?,?,?,?,TRUE,?,?,?,?,?,?,?,?,?,?,?,?,?,?,?,?,?,?,?,?,?,?,?,?,?,?,UP
1549843200,?,?,?,?,?,TRUE,?,?,?,?,TRUE,?,?,?,?,?,?,?,?,?,?,?,?,TRUE,?,?,?,?,?,?,?,?,?,?,?,?,?,?,?,?,?,?,?,?,?,?,?,?,?,?,UP
1549756800,?,?,?,?,?,TRUE,?,?,?,?,TRUE,?,?,?,?,?,?,?,?,?,?,?,?,TRUE,?,?,?,?,?,?,?,?,?,?,?,?,?,?,?,?,?,?,?,?,?,?,?,?,?,?,UP
1549584000,?,?,?,?,?,TRUE,?,?,?,?,TRUE,?,?,?,?,?,?,?,?,?,?,?,?,TRUE,?,?,?,?,?,?,?,?,?,?,?,?,?,?,?,?,?,?,?,?,?,?,?,?,?,?,UP
1549497600,?,?,?,?,?,TRUE,?,?,?,?,TRUE,?,?,?,?,?,?,?,?,?,?,?,?,TRUE,?,?,?,?,?,?,?,?,?,?,?,?,?,?,?,?,TRUE,?,?,?,?,?,?,?,?,?,UP
1549411200,?,?,?,?,?,TRUE,?,?,?,?,TRUE,?,?,?,?,?,?,?,?,?,?,?,?,TRUE,?,?,?,?,?,?,?,?,?,?,?,?,?,?,?,?,TRUE,?,?,?,?,?,?,?,?,?,UP
1549324800,?,?,?,?,?,TRUE,?,?,?,?,TRUE,?,?,?,?,?,?,?,?,?,?,?,?,TRUE,?,?,?,?,?,?,?,?,?,?,?,?,?,?,?,?,TRUE,?,?,?,?,?,?,TRUE,?,?,UP
1549238400,?,?,?,?,?,TRUE,?,?,?,?,TRUE,?,?,?,?,?,?,?,?,?,?,?,?,TRUE,?,?,?,?,?,?,?,?,?,?,?,?,?,?,?,?,TRUE,?,?,?,?,?,?,TRUE,?,?,UP
1549152000,?,?,?,?,?,TRUE,?,?,?,?,TRUE,?,?,?,?,?,?,?,?,?,?,?,?,TRUE,?,?,?,?,?,?,?,?,?,?,?,?,?,?,?,?,TRUE,?,?,?,?,?,?,TRUE,?,?,UP
1548979200,?,?,?,?,?,TRUE,?,?,?,?,TRUE,?,?,?,?,?,?,?,?,?,?,?,?,TRUE,?,?,?,?,?,?,?,?,?,?,?,?,?,?,?,?,TRUE,?,?,?,?,?,?,TRUE,?,?,UP
1548892800,?,?,?,?,?,TRUE,?,?,?,?,TRUE,?,?,?,?,?,?,?,?,?,?,?,?,TRUE,?,?,?,?,?,?,?,?,?,?,?,?,?,?,?,?,TRUE,?,?,?,?,?,?,TRUE,?,?,UP
1548806400,?,?,?,?,?,TRUE,?,?,?,?,TRUE,?,?,?,?,?,?,?,?,?,?,?,?,TRUE,?,?,?,?,?,?,?,?,?,?,?,?,?,?,?,?,?,?,?,?,?,?,?,TRUE,?,?,UP
1548720000,?,?,?,?,?,TRUE,?,?,?,?,TRUE,?,?,?,?,?,?,?,?,?,?,?,?,TRUE,?,?,?,?,?,?,?,?,?,?,?,?,?,?,?,?,?,?,?,?,?,?,?,TRUE,?,?,UP
1548633600,?,?,?,?,?,TRUE,?,?,?,?,TRUE,?,?,?,?,?,?,?,?,?,?,?,?,TRUE,?,?,?,?,?,?,?,?,?,?,?,?,?,?,?,?,?,?,?,?,?,?,?,TRUE,?,?,UP
1548547200,?,?,?,?,?,TRUE,?,?,?,?,TRUE,?,?,?,?,?,?,?,?,?,?,?,?,TRUE,?,?,?,?,?,?,?,?,?,?,?,?,?,?,?,?,?,?,?,?,?,?,?,TRUE,?,?,UP
1548374400,?,?,?,?,?,TRUE,?,?,?,?,TRUE,?,?,?,?,?,?,?,?,?,?,?,?,TRUE,?,?,?,?,?,?,?,?,?,?,?,?,?,?,?,?,?,?,?,?,?,?,?,TRUE,?,?,UP
1548288000,?,?,?,?,?,TRUE,?,?,?,?,TRUE,?,?,?,?,?,?,?,?,?,?,?,?,TRUE,?,?,?,?,?,?,?,?,?,?,?,?,?,?,?,?,?,?,?,?,?,?,?,TRUE,?,?,UP
1548201600,?,?,?,?,?,TRUE,?,?,?,?,TRUE,?,?,?,?,?,?,?,?,?,?,?,?,TRUE,?,?,?,?,?,?,?,?,?,?,?,?,?,?,?,?,?,?,?,?,?,?,?,TRUE,?,?,UP
1548115200,?,?,?,?,?,TRUE,?,?,?,?,TRUE,?,?,?,?,?,?,?,?,?,?,?,?,TRUE,?,?,?,?,?,?,?,?,?,?,?,?,?,?,?,?,?,?,?,?,?,?,?,TRUE,?,?,UP
1548028800,?,?,?,?,?,TRUE,?,?,?,?,TRUE,?,?,?,?,?,?,?,?,?,?,?,?,TRUE,?,?,?,?,?,?,?,?,?,?,?,?,?,?,?,?,?,?,?,?,?,?,?,TRUE,?,?,UP
1547942400,?,?,?,?,?,TRUE,?,?,?,?,TRUE,?,?,?,?,?,?,?,?,?,?,?,?,TRUE,?,?,?,?,?,?,?,?,?,?,?,?,?,?,?,?,?,?,?,?,?,?,?,TRUE,?,?,UP
1547856000,?,?,?,?,?,TRUE,?,?,?,?,TRUE,?,?,?,?,?,?,?,?,?,?,?,?,TRUE,?,?,?,?,?,?,?,?,?,?,?,?,?,?,?,?,?,?,?,?,?,?,?,TRUE,?,?,UP
1547769600,?,?,?,?,?,TRUE,?,?,?,?,TRUE,?,?,?,?,?,?,?,?,?,?,?,?,TRUE,?,?,?,?,?,?,?,?,?,?,?,?,?,?,?,?,?,?,?,?,?,?,?,TRUE,?,?,-
1547683200,?,?,?,?,?,TRUE,?,?,?,?,TRUE,?,?,?,?,?,?,?,?,?,?,?,?,TRUE,?,?,?,?,?,?,?,?,?,?,?,?,?,?,?,?,?,?,?,?,?,?,?,TRUE,?,?,-
1547596800,?,?,?,?,?,TRUE,?,?,?,?,TRUE,?,?,?,?,?,?,?,?,?,?,?,?,TRUE,?,?,?,?,?,?,?,?,?,?,?,?,?,?,?,?,?,?,?,?,?,?,?,TRUE,?,?,DOWN
1547510400,?,?,?,?,?,TRUE,?,?,?,?,?,?,?,?,?,?,?,?,?,?,?,?,?,TRUE,?,?,?,?,?,?,?,?,?,?,?,?,?,?,?,?,?,?,?,?,?,?,?,TRUE,?,?,-
1547424000,?,?,?,?,?,TRUE,?,?,?,?,?,?,?,?,?,?,?,?,?,?,?,?,?,TRUE,?,?,?,?,?,?,?,?,?,?,?,?,?,?,?,?,?,?,?,?,?,?,?,TRUE,?,?,DOWN
1547337600,?,?,?,?,?,TRUE,?,?,?,?,?,?,?,?,?,?,?,?,?,?,?,?,?,TRUE,?,?,?,?,?,?,?,?,?,?,?,?,?,?,?,?,?,?,?,?,?,?,?,TRUE,?,?,UP
1547164800,?,?,?,?,?,TRUE,?,?,?,?,?,?,?,?,?,?,?,?,?,?,?,?,?,?,?,?,?,?,?,?,?,?,?,?,?,?,?,?,?,?,?,?,?,?,?,?,?,TRUE,?,?,DOWN
1547078400,?,?,?,?,?,TRUE,?,?,?,?,?,?,?,?,?,?,?,?,?,?,?,?,?,?,?,?,?,?,?,?,?,?,?,?,?,?,?,?,?,?,?,?,?,?,?,?,?,TRUE,?,?,-
1546992000,?,?,?,?,?,TRUE,?,?,?,?,?,?,?,?,?,?,?,?,?,?,?,?,?,?,?,?,?,?,?,?,?,?,?,?,?,?,?,?,?,?,?,?,?,?,?,?,?,?,?,?,DOWN
1546905600,?,?,?,?,?,TRUE,?,?,?,?,?,?,?,?,?,?,?,?,?,?,?,?,?,?,?,?,?,?,?,?,?,?,?,?,?,?,?,?,?,?,?,?,?,?,?,?,?,?,?,?,DOWN
1546819200,?,?,?,?,?,TRUE,?,?,?,?,?,?,?,?,?,?,?,?,?,?,?,?,?,?,?,?,?,?,?,?,?,?,?,?,?,?,?,?,?,?,?,?,?,?,?,?,?,?,?,?,DOWN
1546560000,?,?,?,?,?,TRUE,?,?,?,?,?,?,?,?,?,?,?,?,?,?,?,?,?,?,?,?,?,?,?,?,?,?,?,?,?,?,?,?,?,?,?,?,?,?,?,?,?,?,?,?,DOWN
1546473600,?,?,?,?,?,TRUE,?,?,?,?,?,?,?,?,?,?,?,?,?,?,?,?,?,?,?,?,?,?,?,?,?,?,?,?,?,?,?,?,?,?,?,?,?,?,?,?,?,?,?,?,DOWN
1546387200,?,?,?,?,?,TRUE,?,?,?,?,?,?,?,?,?,?,?,?,?,?,?,?,?,?,?,?,?,?,?,?,?,?,?,?,?,?,?,?,?,?,?,?,?,?,?,?,?,?,?,?,DOWN
1546214400,?,?,?,?,?,TRUE,?,?,?,?,?,?,?,?,?,?,?,?,?,?,?,?,?,?,?,?,?,?,?,?,?,?,?,?,?,?,?,?,?,?,?,?,?,?,?,?,?,?,?,?,DOWN
1546128000,?,?,?,?,?,TRUE,?,?,?,?,?,?,?,?,?,?,?,?,?,?,?,?,?,?,?,?,?,?,?,?,?,?,?,?,?,?,?,?,?,?,?,?,?,?,?,?,?,?,?,?,DOWN
1545955200,?,?,?,?,?,TRUE,?,?,?,?,?,?,?,?,?,?,?,?,?,?,?,?,?,?,?,?,?,?,?,?,?,?,?,?,?,?,?,?,?,?,?,?,?,?,?,?,?,?,?,?,DOWN
1545868800,?,?,?,?,?,TRUE,?,?,?,?,?,?,?,?,?,?,?,?,?,?,?,?,?,?,?,?,?,?,?,?,?,?,?,?,?,?,?,?,?,?,?,?,?,?,?,?,?,?,?,?,-
1545782400,?,?,?,?,?,TRUE,?,?,?,?,?,?,?,?,?,?,?,?,?,?,?,?,?,?,?,?,?,?,?,?,?,?,?,?,?,?,?,?,?,?,?,?,?,?,?,?,?,?,?,?,DOWN
1545696000,?,?,?,?,?,TRUE,?,?,?,?,?,?,?,?,?,?,?,?,?,?,?,?,?,?,?,?,?,?,?,?,?,?,?,?,?,?,?,?,?,?,?,?,?,?,?,?,?,?,?,?,DOWN
1545609600,?,?,?,?,?,TRUE,?,?,?,?,?,?,?,?,?,?,?,?,?,?,?,?,?,?,?,?,?,?,?,?,?,?,?,?,?,?,?,?,?,?,?,?,?,?,?,?,?,?,?,?,DOWN
1545350400,?,?,?,?,?,?,?,?,?,?,?,?,?,?,?,?,?,?,?,?,?,?,?,?,?,?,?,?,?,?,?,?,?,?,?,?,?,?,?,?,?,?,?,?,?,?,?,?,?,?,DOWN
1545264000,?,?,?,?,?,?,?,?,?,?,?,?,?,?,?,?,?,?,?,?,?,?,?,?,?,?,?,?,?,?,?,?,?,?,?,?,?,?,?,?,?,?,?,?,?,?,?,?,?,?,DOWN
1545177600,?,?,?,?,?,?,?,?,?,?,?,?,?,?,?,?,?,?,?,?,?,?,?,?,?,?,?,?,?,?,?,?,?,?,?,?,?,?,?,?,?,?,?,?,?,?,?,?,?,?,DOWN
1545091200,?,?,?,?,?,?,?,?,?,?,?,?,?,?,?,?,?,?,?,?,?,?,?,?,?,?,?,?,?,?,?,?,?,?,?,?,?,?,?,?,?,?,?,?,?,?,?,?,?,?,UP
1545004800,?,?,?,?,?,?,?,?,?,?,?,?,?,?,?,?,?,?,?,?,?,?,?,?,?,?,?,?,?,?,?,?,?,?,?,?,?,?,?,?,?,?,?,?,?,?,?,?,?,?,UP
1544745600,?,?,?,?,?,?,?,?,?,?,?,?,?,?,?,?,?,?,?,?,?,?,?,?,?,?,?,?,?,?,?,?,?,?,?,?,?,?,?,?,?,?,?,?,?,?,?,?,?,?,UP
1544659200,?,?,?,?,?,?,?,?,?,?,?,?,?,?,?,?,?,?,?,?,?,?,?,?,?,?,?,?,?,?,?,?,?,?,?,?,?,?,?,?,?,?,?,?,?,?,?,?,?,?,UP
1544572800,?,?,?,?,?,?,?,?,?,?,?,?,?,?,?,?,?,?,?,?,?,?,?,?,?,?,?,?,?,?,?,?,?,?,?,?,?,?,?,?,?,?,?,?,?,?,?,?,?,?,UP
1544486400,?,?,?,?,?,?,?,?,?,?,?,?,?,?,?,?,?,?,?,?,?,?,?,?,?,?,?,?,?,?,?,?,?,?,?,?,?,?,?,?,?,?,?,?,?,?,?,?,?,?,UP
1544400000,?,?,?,?,?,?,?,?,?,?,?,?,?,?,?,?,?,?,?,?,?,?,?,?,?,?,?,?,?,?,?,?,?,?,?,?,?,?,?,?,?,?,?,?,?,?,?,?,?,?,UP
1544140800,?,?,?,?,?,?,?,?,?,?,?,?,?,?,?,?,?,?,?,?,?,?,?,?,?,?,?,?,?,?,?,?,?,?,?,?,?,?,?,?,?,?,?,?,?,?,?,?,?,?,UP
1544054400,?,?,?,?,?,?,?,?,?,?,?,?,?,?,?,?,?,?,?,?,?,?,?,?,?,?,?,?,?,?,?,?,?,?,?,?,?,?,?,?,?,?,?,?,?,?,?,?,?,?,UP
1543968000,?,?,?,?,?,?,?,?,?,?,?,?,?,?,?,?,?,?,?,?,?,?,?,?,?,?,?,?,?,?,?,?,?,?,?,?,?,?,?,?,?,?,?,?,?,?,?,?,?,?,UP
1543881600,?,?,?,?,?,?,?,?,?,?,?,?,?,?,?,?,?,?,?,?,?,?,?,?,?,?,?,?,?,?,?,?,?,?,?,?,?,?,?,?,?,?,?,?,?,?,?,?,?,?,DOWN
1543795200,?,?,?,?,?,?,?,?,?,?,?,?,?,?,?,?,?,?,?,?,?,?,?,?,?,?,?,?,?,?,?,?,?,?,?,?,?,?,?,?,?,?,?,?,?,?,?,?,?,?,-
1543708800,?,?,?,?,?,?,?,?,?,?,?,?,?,?,?,?,?,?,?,?,?,?,?,?,?,?,?,?,?,?,?,?,?,?,?,?,?,?,?,?,?,?,?,?,?,?,?,?,?,?,DOWN
1543536000,?,?,?,?,?,?,?,?,?,?,?,?,?,?,?,?,?,?,?,?,?,?,?,?,?,?,?,?,?,?,?,?,?,?,?,?,?,?,?,?,?,?,?,?,?,?,?,?,?,?,DOWN
1543449600,?,?,?,?,?,?,?,?,?,?,?,?,?,?,?,?,?,?,?,?,?,?,?,?,?,?,?,?,?,?,?,?,?,?,?,?,?,?,?,?,?,?,?,?,?,?,?,?,?,?,DOWN
1543363200,?,?,?,?,?,?,?,?,?,?,?,?,?,?,?,?,?,?,?,?,?,?,?,?,?,?,?,?,?,?,?,?,?,?,?,?,?,?,?,?,?,?,?,?,?,?,?,?,?,?,DOWN
1543276800,?,?,?,?,?,?,?,?,?,?,?,?,?,?,?,?,?,?,?,?,?,?,?,?,?,?,?,?,?,?,?,?,?,?,?,?,?,?,?,?,?,?,?,?,?,?,?,?,?,?,DOWN
1543190400,?,?,?,?,?,?,?,?,?,?,?,?,?,?,?,?,?,?,?,?,?,?,?,?,?,?,?,?,?,?,?,?,?,?,?,?,?,?,?,?,?,?,?,?,?,?,?,?,?,?,UP
1542931200,?,?,?,?,?,?,?,?,?,?,?,?,?,?,?,?,?,?,?,?,?,?,?,?,?,?,?,?,?,?,?,?,?,?,?,?,?,?,?,?,?,?,?,?,?,?,?,?,?,?,DOWN
1542844800,?,?,?,?,?,?,?,?,?,?,?,?,?,?,?,?,?,?,?,?,?,?,?,?,?,?,?,?,?,?,?,?,?,?,?,?,?,?,?,?,?,?,?,?,?,?,?,?,?,?,DOWN
1542758400,?,?,?,?,?,?,?,?,?,?,?,?,?,?,?,?,?,?,?,?,?,?,?,?,?,?,?,?,?,?,?,?,?,?,?,?,?,?,?,?,?,?,?,?,?,?,?,?,?,?,DOWN
1542672000,?,?,?,?,?,?,?,?,?,?,?,?,?,?,?,?,?,?,?,?,?,?,?,?,?,?,?,?,?,?,?,?,?,?,?,?,?,?,?,?,?,?,?,?,?,?,?,?,?,?,DOWN
1542585600,?,?,?,?,?,?,?,?,?,?,?,?,?,?,?,?,?,?,?,?,?,?,?,?,?,?,?,?,?,?,?,?,?,?,?,?,?,?,?,?,?,?,?,?,?,?,?,?,?,?,DOWN
1542326400,?,?,?,?,?,?,?,?,?,?,?,?,?,?,?,?,?,?,?,?,?,?,?,?,?,?,?,?,?,?,?,?,?,?,?,?,?,?,?,?,?,?,?,?,?,?,?,?,?,?,DOWN
1542240000,?,?,?,?,?,?,?,?,?,?,?,?,?,?,?,?,?,?,?,?,?,?,?,?,?,?,?,?,?,?,?,?,?,?,?,?,?,?,?,?,?,?,?,?,?,?,?,?,?,?,DOWN
1542153600,?,?,?,?,?,?,?,?,?,?,?,?,?,?,?,?,?,?,?,?,?,?,?,?,?,?,?,?,?,?,?,?,?,?,?,?,?,?,?,?,?,?,?,?,?,?,?,?,?,?,DOWN
1542067200,?,?,?,?,?,?,?,?,?,?,?,?,?,?,?,?,?,?,?,?,?,?,?,?,?,?,?,?,?,?,?,?,?,?,?,?,?,?,?,?,?,?,?,?,?,?,?,?,?,?,DOWN
1541980800,?,?,?,?,?,?,?,?,?,?,?,?,?,?,?,?,?,?,?,?,?,?,?,?,?,?,?,?,?,?,?,?,?,?,?,?,?,?,?,?,?,?,?,?,?,?,?,?,?,?,DOWN
1541721600,?,?,?,?,?,?,?,?,?,?,?,?,?,?,?,?,?,?,?,?,?,?,?,?,?,?,?,?,?,?,?,?,?,?,?,?,?,?,?,?,?,?,?,?,?,?,?,?,?,?,DOWN
1541635200,?,?,?,?,?,?,?,?,?,?,?,?,?,?,?,?,?,?,?,?,?,?,?,?,?,?,?,?,?,?,?,?,?,?,?,?,?,?,?,?,?,?,?,?,?,?,?,?,?,?,DOWN
1541548800,?,?,?,?,?,?,?,?,?,?,?,?,?,?,?,?,?,?,?,?,?,?,?,?,?,?,?,?,?,?,?,?,?,?,?,?,?,?,?,?,?,?,?,?,?,?,?,?,?,?,DOWN
1541462400,?,?,?,?,?,?,?,?,?,?,?,?,?,?,?,?,?,?,?,?,?,?,?,?,?,?,?,?,?,?,?,?,?,?,?,?,?,?,?,?,?,?,?,?,?,?,?,?,?,?,DOWN
1541376000,?,?,?,?,?,?,?,?,?,?,?,?,?,?,?,?,?,?,?,?,?,?,?,?,?,?,?,?,?,?,?,?,?,?,?,?,?,?,?,?,?,?,?,?,?,?,?,?,?,?,DOWN
1541116800,?,?,?,?,?,?,?,?,?,?,?,?,?,?,?,?,?,?,?,?,?,?,?,?,?,?,?,?,?,?,?,?,?,?,?,?,?,?,?,?,?,?,?,?,?,?,?,?,?,?,DOWN
1540857600,?,?,?,?,?,?,?,?,?,?,?,?,?,?,?,?,?,?,?,?,?,?,?,?,?,?,?,?,?,?,?,?,?,?,?,?,?,?,?,?,?,?,?,?,?,?,?,?,?,?,DOWN
1540512000,?,?,?,?,?,?,?,?,?,?,?,?,?,?,?,?,?,?,?,?,?,?,?,?,?,?,?,?,?,?,?,?,?,?,?,?,?,?,?,?,?,?,?,?,?,?,?,?,?,?,DOWN
1540425600,?,?,?,?,?,?,?,?,?,?,?,?,?,?,?,?,?,?,?,?,?,?,?,?,?,?,?,?,?,?,?,?,?,?,?,?,?,?,?,?,?,?,?,?,?,?,?,?,?,?,DOWN
1540252800,?,?,?,?,?,?,?,?,?,?,?,?,?,?,?,?,?,?,?,?,?,?,?,?,?,?,?,?,?,?,?,?,?,?,?,?,?,?,?,?,?,?,?,?,?,?,?,?,?,?,DOWN
1540166400,?,?,?,?,?,?,?,?,?,?,?,?,?,?,?,?,?,?,?,?,?,?,?,?,?,?,?,?,?,?,?,?,?,?,?,?,?,?,?,?,?,?,?,?,?,?,?,?,?,?,DOWN
1539302400,?,?,?,?,?,?,?,?,?,?,?,?,?,?,?,?,?,?,?,?,?,?,?,?,?,?,?,?,?,?,?,?,?,?,?,?,?,?,?,?,?,?,?,?,?,?,?,?,?,?,UP
1539216000,?,?,?,?,?,?,?,?,?,?,?,?,?,?,?,?,?,?,?,?,?,?,?,?,?,?,?,?,?,?,?,?,?,?,?,?,?,?,?,?,?,?,?,?,?,?,?,?,?,?,UP
1539043200,?,?,?,?,?,?,?,?,?,?,?,?,?,?,?,?,?,?,?,?,?,?,?,?,?,?,?,?,?,?,?,?,?,?,?,?,?,?,?,?,?,?,?,?,?,?,?,?,?,?,DOWN
1538956800,?,?,?,?,?,?,?,?,?,?,?,?,?,?,?,?,?,?,?,?,?,?,?,?,?,?,?,?,?,?,?,?,?,?,?,?,?,?,?,?,?,?,?,?,?,?,?,?,?,?,DOWN
1538697600,?,?,?,?,?,?,?,?,?,?,?,?,?,?,?,?,?,?,?,?,?,?,?,?,?,?,?,?,?,?,?,?,?,?,?,?,?,?,?,?,?,?,?,?,?,?,?,?,?,?,DOWN
1538611200,?,?,?,?,?,?,?,?,?,?,?,?,?,?,?,?,?,?,?,?,?,?,?,?,?,?,?,?,?,?,?,?,?,?,?,?,?,?,?,?,?,?,?,?,?,?,?,?,?,?,DOWN
1538524800,?,?,?,?,?,?,?,?,?,?,?,?,?,?,?,?,?,?,?,?,?,?,?,?,?,?,?,?,?,?,?,?,?,?,?,?,?,?,?,?,?,?,?,?,?,?,?,?,?,?,DOWN
1538438400,?,?,?,?,?,?,?,?,?,?,?,?,?,?,?,?,?,?,?,?,?,?,?,?,?,?,?,?,?,?,?,?,?,?,?,?,?,?,?,?,?,?,?,?,?,?,?,?,?,?,DOWN
1538352000,?,?,?,?,?,?,?,?,?,?,?,?,?,?,?,?,?,?,?,?,?,?,?,?,?,?,?,?,?,?,?,?,?,?,?,?,?,?,?,?,?,?,?,?,?,?,?,?,?,?,DOWN
1538006400,?,?,?,?,?,?,?,?,?,?,?,?,?,?,?,?,?,?,?,?,?,?,?,?,?,?,?,?,?,?,?,?,?,?,?,?,?,?,?,?,?,?,?,?,?,?,?,?,?,?,DOWN
1537920000,?,?,?,?,?,?,?,?,?,?,?,?,?,?,?,?,?,?,?,?,?,?,?,?,?,?,?,?,?,?,?,?,?,?,?,?,?,?,?,?,?,?,?,?,?,?,?,?,?,?,DOWN
1537833600,?,?,?,?,?,?,?,?,?,?,?,?,?,?,?,?,?,?,?,?,?,?,?,?,?,?,?,?,?,?,?,?,?,?,?,?,?,?,?,?,?,?,?,?,?,?,?,?,?,?,-
1537747200,?,?,?,?,?,?,?,?,?,?,?,?,?,?,?,?,?,?,?,?,?,?,?,?,?,?,?,?,?,?,?,?,?,?,?,?,?,?,?,?,?,?,?,?,?,?,?,?,?,?,DOWN
1537401600,?,?,?,?,?,?,?,?,?,?,?,?,?,?,?,?,?,?,?,?,?,?,?,?,?,?,?,?,?,?,?,?,?,?,?,?,?,?,?,?,?,?,?,?,?,?,?,?,?,?,-
1536883200,?,?,?,?,?,?,?,?,?,?,?,?,?,?,?,?,?,?,?,?,?,?,?,?,?,?,?,?,?,?,?,?,?,?,?,?,?,?,?,?,?,?,?,?,?,?,?,?,?,?,DOWN
1536796800,?,?,?,?,?,?,?,?,?,?,?,?,?,?,?,?,?,?,?,?,?,?,?,?,?,?,?,?,?,?,?,?,?,?,?,?,?,?,?,?,?,?,?,?,?,?,?,?,?,?,DOWN
1536710400,?,?,?,?,?,?,?,?,?,?,?,?,?,?,?,?,?,?,?,?,?,?,?,?,?,?,?,?,?,?,?,?,?,?,?,?,?,?,?,?,?,?,?,?,?,?,?,?,?,?,DOWN
1536624000,?,?,?,?,?,?,?,?,?,?,?,?,?,?,?,?,?,?,?,?,?,?,?,?,?,?,?,?,?,?,?,?,?,?,?,?,?,?,?,?,?,?,?,?,?,?,?,?,?,?,-
1536192000,?,?,?,?,?,?,?,?,?,?,?,?,?,?,?,?,?,?,?,?,?,?,?,?,?,?,?,?,?,?,?,?,?,?,?,?,?,?,?,?,?,?,?,?,?,?,?,?,?,?,UP
1535932800,?,?,?,?,?,?,?,?,?,?,?,?,?,?,?,?,?,?,?,?,?,?,?,?,?,?,?,?,?,?,?,?,?,?,?,?,?,?,?,?,?,?,?,?,?,?,?,?,?,?,DOWN
1534118400,?,?,?,?,?,?,?,?,?,?,?,?,?,?,?,?,?,?,?,?,?,?,?,?,?,?,?,?,?,?,?,?,?,?,?,?,?,?,?,?,?,?,?,?,?,?,?,?,?,?,-
1531180800,?,?,?,?,?,?,?,?,?,?,?,?,?,?,?,?,?,?,?,?,?,?,?,?,?,?,?,?,?,?,?,?,?,?,?,?,?,?,?,?,?,?,?,?,?,?,?,?,?,?,UP
1526860800,?,?,?,?,?,?,?,?,?,?,?,?,?,?,?,?,?,?,?,?,?,?,?,?,?,?,?,?,?,?,?,?,?,?,?,?,?,?,?,?,?,?,?,?,?,?,?,?,?,?,DOWN
1526342400,?,?,?,?,?,?,?,?,?,?,?,?,?,?,?,?,?,?,?,?,?,?,?,?,?,?,?,?,?,?,?,?,?,?,?,?,?,?,?,?,?,?,?,?,?,?,?,?,?,?,DOWN
1525910400,?,?,?,?,?,?,?,?,?,?,?,?,?,?,?,?,?,?,?,?,?,?,?,?,?,?,?,?,?,?,?,?,?,?,?,?,?,?,?,?,?,?,?,?,?,?,?,?,?,?,DOWN
1525305600,?,?,?,?,?,?,?,?,?,?,?,?,?,?,?,?,?,?,?,?,?,?,?,?,?,?,?,?,?,?,?,?,?,?,?,?,?,?,?,?,?,?,?,?,?,?,?,?,?,?,DOWN
1525132800,?,?,?,?,?,?,?,?,?,?,?,?,?,?,?,?,?,?,?,?,?,?,?,?,?,?,?,?,?,?,?,?,?,?,?,?,?,?,?,?,?,?,?,?,?,?,?,?,?,?,DOWN
1524441600,?,?,?,?,?,?,?,?,?,?,?,?,?,?,?,?,?,?,?,?,?,?,?,?,?,?,?,?,?,?,?,?,?,?,?,?,?,?,?,?,?,?,?,?,?,?,?,?,?,?,DOWN
1520553600,?,?,?,?,?,?,?,?,?,?,?,?,?,?,?,?,?,?,?,?,?,?,?,?,?,?,?,?,?,?,?,?,?,?,?,?,?,?,?,?,?,?,?,?,?,?,?,?,?,?,DOWN
1520380800,?,?,?,?,?,?,?,?,?,?,?,?,?,?,?,?,?,?,?,?,?,?,?,?,?,?,?,?,?,?,?,?,?,?,?,?,?,?,?,?,?,?,?,?,?,?,?,?,?,?,DOWN
1520208000,?,?,?,?,?,?,?,?,?,?,?,?,?,?,?,?,?,?,?,?,?,?,?,?,?,?,?,?,?,?,?,?,?,?,?,?,?,?,?,?,?,?,?,?,?,?,?,?,?,?,DOWN
1519171200,?,?,?,?,?,?,?,?,?,?,?,?,?,?,?,?,?,?,?,?,?,?,?,?,?,?,?,?,?,?,?,?,?,?,?,?,?,?,?,?,?,?,?,?,?,?,?,?,?,?,DOWN
1518566400,?,?,?,?,?,?,?,?,?,?,?,?,?,?,?,?,?,?,?,?,?,?,?,?,?,?,?,?,?,?,?,?,?,?,?,?,?,?,?,?,?,?,?,?,?,?,?,?,?,?,DOWN
1517443200,?,?,?,?,?,?,?,?,?,?,?,?,?,?,?,?,?,?,?,?,?,?,?,?,?,?,?,?,?,?,?,?,?,?,?,?,?,?,?,?,?,?,?,?,?,?,?,?,?,?,UP
1517270400,?,?,?,?,?,?,?,?,?,?,?,?,?,?,?,?,?,?,?,?,?,?,?,?,?,?,?,?,?,?,?,?,?,?,?,?,?,?,?,?,?,?,?,?,?,?,?,?,?,?,UP
1516579200,?,?,?,?,?,?,?,?,?,?,?,?,?,?,?,?,?,?,?,?,?,?,?,?,?,?,?,?,?,?,?,?,?,?,?,?,?,?,?,?,?,?,?,?,?,?,?,?,?,?,-
1516320000,?,?,?,?,?,?,?,?,?,?,?,?,?,?,?,?,?,?,?,?,?,?,?,?,?,?,?,?,?,?,?,?,?,?,?,?,?,?,?,?,?,?,?,?,?,?,?,?,?,?,DOWN
1515715200,?,?,?,?,?,?,?,?,?,?,?,?,?,?,?,?,?,?,?,?,?,?,?,?,?,?,?,?,?,?,?,?,?,?,?,?,?,?,?,?,?,?,?,?,?,?,?,?,?,?,DOWN
1515628800,?,?,?,?,?,?,?,?,?,?,?,?,?,?,?,?,?,?,?,?,?,?,?,?,?,?,?,?,?,?,?,?,?,?,?,?,?,?,?,?,?,?,?,?,?,?,?,?,?,?,DOWN
1515542400,?,?,?,?,?,?,?,?,?,?,?,?,?,?,?,?,?,?,?,?,?,?,?,?,?,?,?,?,?,?,?,?,?,?,?,?,?,?,?,?,?,?,?,?,?,?,?,?,?,?,DOWN
1515456000,?,?,?,?,?,?,?,?,?,?,?,?,?,?,?,?,?,?,?,?,?,?,?,?,?,?,?,?,?,?,?,?,?,?,?,?,?,?,?,?,?,?,?,?,?,?,?,?,?,?,DOWN
1515369600,?,?,?,?,?,?,?,?,?,?,?,?,?,?,?,?,?,?,?,?,?,?,?,?,?,?,?,?,?,?,?,?,?,?,?,?,?,?,?,?,?,?,?,?,?,?,?,?,?,?,DOWN
1514937600,?,?,?,?,?,?,?,?,?,?,?,?,?,?,?,?,?,?,?,?,?,?,?,?,?,?,?,?,?,?,?,?,?,?,?,?,?,?,?,?,?,?,?,?,?,?,?,?,?,?,DOWN
